{"current":{"btn_bg_color":"#ff6701","destaque":"#0033c6","price_txt":"#0af31a","color_sale_text":"#c75000","modal_cart_color_button":"#0af31a","modal_cart_color_button_hover":"#ff6701","type_header_font":"poppins_n4","type_base_font":"poppins_n4","social_facebook_link":"https:\/\/www.facebook.com\/","social_instagram_link":"https:\/\/www.instagram.com\/","social_tiktok_link":"https:\/\/www.tiktok.com\/","social_pinterest_link":"","social_kwai_link":"","favicon":"shopify:\/\/shop_images\/logo.png","enable_exit_popup":true,"taxa_segunda_parcela":"4.59","cookie_content":"","cookie_privacy":"","cookie_privacy_url":"","cookie_accept_btn":"","btn_color":"#c75000","btn_color_hover":"#ff6701","license_key":"1F213AEB-4BD7-4674-8394-04C24C6E07A2","sections":{"header-2":{"type":"header-2","blocks":{"ee71ce01-bf7f-492f-a882-1f5117b09051":{"type":"text","settings":{"text_top_row":"Atendimento","link_top_row":"shopify:\/\/pages\/contact"}},"7d45515e-456b-43bc-882e-2a5f680b6ab3":{"type":"text","settings":{"text_top_row":"Compre via Whatsapp","link_top_row":"shopify:\/\/products\/secadora"}},"c92c8950-3b50-47f5-8603-68ad8620ed32":{"type":"text","settings":{"text_top_row":"Rastreio de pedido","link_top_row":""}}},"block_order":["ee71ce01-bf7f-492f-a882-1f5117b09051","7d45515e-456b-43bc-882e-2a5f680b6ab3","c92c8950-3b50-47f5-8603-68ad8620ed32"],"settings":{"centered_mobile_logo":true,"logo_max_width":135,"search_header":true,"main_linklist":"main-menu","main_linklist_mobile":"main-menu","active_drawer":true,"main_item_menu":"Departamentos","active_bar":true,"background1":"#00ff48","background2":"#01c6ff","background3":"#ffa000","background4":"#c100be","header_background_color":"#ffffff","header_background_text":"#27006a","header_background_secundary_color":"#27006a","header_background_secundary_color_text":"#ffffff","button_background_mobile":"#51a559","button_background_mobile_text":"#ffffff","show_top_row":true,"align_top_row":"center","sticky":"Disable","show_tracking":true,"text_tracking":"Rastrear pedido","link_tracking":"shopify:\/\/pages\/rastreie-seu-pedido","tracking_color":"#27006a","text_tracking_color":"#3a3a3a","text_tracking_size":20}},"newsletter-2":{"type":"newsletter-2","settings":{"enable_section_newsletter":true,"newsletter_footer_title":"Cadastre-se e receba nossas ofertas","newsletter_primary_color":"#3a3a3a","newsletter_secondary_color":"#ff7d06","newsletter_primary_font_color":"#ffffff"}},"footer-astron":{"type":"footer-astron","blocks":{"dcee7049-e7a1-43ca-b80d-e31cb954c590":{"type":"richtext","settings":{"logo_width_1":150,"description":"O dropshipping está se transformando. Junte-se à revolução e tenha acesso em primeira mão ao tema exclusivo que fará os próximos milionários do mercado."}},"c16308e6-5227-4c2f-bd8b-03d22bfa4211":{"type":"text","settings":{"show_information_1":true,"title_1":"Atendimento","information_1":"Segunda à sexta, 8h às 18h - Horário de brasília","show_information_2":true,"title_2":"Endereço","information_2":"Rodovia Francisco Thomas dos Santos, Nº 665, Morro das Pedras, Florianópolis - SC"}},"4604e343-3f21-474a-81a7-989199011d05":{"type":"link_list","settings":{"title":"Institucional","menu":"main-menu"}}},"block_order":["dcee7049-e7a1-43ca-b80d-e31cb954c590","c16308e6-5227-4c2f-bd8b-03d22bfa4211","4604e343-3f21-474a-81a7-989199011d05"],"settings":{"information_business":"Astron Ecom LTDA CNPJ: 00.000.000\/0000-0 | Morro das Pedras, Florianópolis - SC © 2022, Astron Store. Todos os direitos reservados.","show_stamps":true,"stamps_height":32,"footer_primary_color":"#000000","footer_primary_font_color":"#ffffff","footer_secondary_color":"#ffffff","footer_secondary_font_color":"#4b4b4b","title_social_media":"Mídias Sociais","social_media_black_color":false,"title_payments":"Formas de pagamento","payments_methods_active":true,"card-sizes":40,"card-visa":"Visa","card-master":"MasterCard","card-amex":"Amex","card-elo":"ELO","boleto":"Boleto","pix":"Pix","referral":true,"referral_link":"","contact_number":"(62) 99999-9999","contact_number_text":"Olá vim da sua loja!","send_link_product_whats":true,"contact_mail":"contato@sualoja.com"}},"166200426557007882":{"type":"slideshow","blocks":{"166200426557007882-1":{"type":"image","settings":{"alignment":"center center","slide_title":"","subheading":"","text_align":"text_center","font_color":"","btn_color":"","btn_title_hover_color":"","btn_bg_color":"","btn_bg_hover_color":"","button_label":"","button_link":"shopify:\/\/products\/chinelo"}},"166200426557007882-0":{"type":"image","settings":{"alignment":"center center","slide_title":"","subheading":"","text_align":"text_center","font_color":"","btn_color":"","btn_title_hover_color":"","btn_bg_color":"","btn_bg_hover_color":"","button_label":"","button_link":"shopify:\/\/products\/chinelo"}}},"block_order":["166200426557007882-1","166200426557007882-0"],"settings":{"slideshow_height":"adapt","text_size":"medium","show_overlay":false,"autorotate":true,"autorotate_speed":5}},"crossell-product":{"type":"crossell-product","settings":{"title":"Quem comprou, comprou também","upsell_collection":"ferramentas","add_cart_show":true,"swatch_image":true}},"top-bar":{"type":"top-bar","settings":{"message":true,"home_page_only":false,"color_bg":"#27006a","show_desktop":true,"zoom_desktop":100,"fill_banner":false,"show_mobile":true,"zoom_mobile":44,"fill_banner_mobile":false}},"1662442202064c934e":{"type":"service_icon_text","blocks":{"2a9135fb-5642-47c4-8c37-cf60d7743f31":{"type":"service_content","settings":{"title":"Frete Grátis","content":"Nosso envio é grátis para todo o Brasil"}},"24f46e59-41ff-4e3f-b291-88a35ae2b39b":{"type":"service_content","settings":{"title":"Pagamento Seguro","content":"Ambiente fortemente seguro para pagamentos"}},"076ca1ac-c61f-4776-a9bb-2f3b60f23683":{"type":"service_content","settings":{"title":"Loja oficial","content":"Registrada e com certificado SSL."}},"54ed74c8-cc62-48a3-a40b-7e076eda82b1":{"type":"service_content","settings":{"title":"Atendimento via WhatsApp","content":"Segunda á sexta 9h às 18h."}}},"block_order":["2a9135fb-5642-47c4-8c37-cf60d7743f31","24f46e59-41ff-4e3f-b291-88a35ae2b39b","076ca1ac-c61f-4776-a9bb-2f3b60f23683","54ed74c8-cc62-48a3-a40b-7e076eda82b1"],"settings":{}},"cart-template-astron":{"type":"cart-template-astron","settings":{"enable_simulator_ship":true,"title_simulator_ship":"Calcular frete e prazo de entrega","button_simulator_ship":"Calcular","price_simulator_ship":"R$29,99","first_date":9,"interval_date":5,"color_one_cart":"#0033c6","color_two_cart":"#3a3a3a","color_three_cart":"#36f753","color_for_cart":"#b2b2b2","color_five_cart":"#f2f2f2"}},"1662614995860fa57d":{"type":"home_bestsellers","settings":{"title":"MAIS VENDIDOS","short_desc":"Exemplo de descrição, Adicione aqui sua descrição!","collection":"eletronicos","grid":4,"rows":1,"add_cart_show":false,"show_vendor":false,"show_view_all":true}},"about-image-blog":{"type":"about-image-blog","settings":{}},"16626025851c6ee3e3":{"type":"home_collection_icons","blocks":{"0179dc81-cadc-4f6d-ae09-d76397bc03b7":{"type":"collection_list","disabled":true,"settings":{"title_collection":"Jogos","link_collection":"shopify:\/\/collections\/beleza-e-saude"}},"95a50f2e-3c1e-4b63-b662-e31ad8cf3ac9":{"type":"collection_list","settings":{"title_collection":"Eletrônicos","link_collection":"shopify:\/\/collections\/eletronicos"}},"a052c586-95e4-4c93-b27f-9e11ac140769":{"type":"collection_list","settings":{"title_collection":"Smartwatches","link_collection":"shopify:\/\/collections\/colecao-tutorial"}},"88ee79a3-3c1f-44f7-b22e-42527cfe3e92":{"type":"collection_list","settings":{"title_collection":"Utensílios","link_collection":""}},"26abcb88-da23-430b-b259-27f98efd6c2a":{"type":"collection_list","settings":{"title_collection":"Tênis","link_collection":""}},"9c90576a-15a5-4425-9d04-8e92ee5ff869":{"type":"collection_list","settings":{"title_collection":"Roupas","link_collection":""}},"d53cd491-ecc2-4ff0-b203-2564943ad4c2":{"type":"collection_list","settings":{"title_collection":"Eletrônicos","link_collection":""}},"6e7936a8-0811-4289-9249-f9f501260651":{"type":"collection_list","settings":{"title_collection":"Mais vendidos","link_collection":""}}},"block_order":["0179dc81-cadc-4f6d-ae09-d76397bc03b7","95a50f2e-3c1e-4b63-b662-e31ad8cf3ac9","a052c586-95e4-4c93-b27f-9e11ac140769","88ee79a3-3c1f-44f7-b22e-42527cfe3e92","26abcb88-da23-430b-b259-27f98efd6c2a","9c90576a-15a5-4425-9d04-8e92ee5ff869","d53cd491-ecc2-4ff0-b203-2564943ad4c2","6e7936a8-0811-4289-9249-f9f501260651"],"settings":{"title_section":"","show_names_collection_mobile":false,"show_names_collection_desktop":true,"margin_block":0,"number_columns":7,"gap_columns":20,"number_columns_mobile":4,"gap_columns_mobile":10,"bg_color":"#27006a","border_color":"#ffffff","text_color":"#ffffff","bg_button":"#27006a","text_button":"#ffffff","text_font_size":14,"text_font_size_mobile":11,"border_size":3}},"popup-saida":{"type":"popup-saida","settings":{"qtq_show_popup_astron":2,"cabecalho_popup_saida":"SÓ HOJE!","titulo_desconto_popup_saida":"20% OFF","rodape_popup_saida":"Cupom especial para você levar o que mais deseja, hoje!","codigo_popup_saida":"ASTRON20","botao_popup_texto":"Inovação Astron!","color1":"#00a2ff","color2":"#000000","color3":"#ffffff"}},"16620042729191e4fd":{"type":"collection","settings":{"enable_slider":true,"title":"Coleção em destaque","collection":"beleza-e-saude","grid":5,"rows":1,"show_vendor":false,"add_cart_show":false,"show_view_all":true}}},"content_for_index":["16626025851c6ee3e3","166200426557007882","1662614995860fa57d","16620042729191e4fd","1662442202064c934e"]}}