{"sections":{"collection-template-right-columns":{"type":"collection-template-right-columns","settings":{"image_invert":false,"tb_bg_color":"#f5f5f5","tb_heading_color":"#000000","tb_content_color":"#444444","layoutbar":"rightbar","grid":3,"rows":2,"show_collection_image":true,"show_vendor":false,"add_cart_show":true,"infinity_scroll":true,"swatch_image":true,"and_logic":true,"group_filter_prefix":"brand,color,price,size","banner_title":"","btn":"","btn_url":"","sort_enable":true,"tags_enable":true}}},"order":["collection-template-right-columns"]}