{"sections":{"collection-template-grid":{"type":"collection-template-grid","settings":{"image_invert":false,"tb_bg_color":"#f5f5f5","tb_heading_color":"#000000","tb_content_color":"#444444","layoutbar":"grid_layout","grid":5,"rows":2,"show_collection_image":true,"show_vendor":false,"add_cart_show":true,"infinity_scroll":true,"swatch_image":true,"filter_bg_color":"#f5f5f5","filter_text_color":"#252a2f","filter_title_bg_color":"#313652","filter_title_text_color":"#FFFFFF","and_logic":true,"group_filter_prefix":"brand,color,price,size","banner_title":"","btn":"","btn_url":"","tags_enable":true}}},"order":["collection-template-grid"]}