{"sections":{"collection-template-full":{"type":"collection-template-full","settings":{"image_invert":false,"tb_bg_color":"#f5f5f5","tb_heading_color":"#000000","tb_content_color":"#444444","layoutbar":"fullbar","grid":4,"rows":2,"show_collection_image":true,"show_vendor":false,"infinity_scroll":true,"swatch_image":true,"and_logic":true,"group_filter_prefix":"brand,color,price,size","banner_title":"","btn":"","btn_url":"","sort_enable":true,"tags_enable":true}}},"order":["collection-template-full"]}