{"sections":{"landing_page_astron":{"type":"landing_page_astron","blocks":{"0a46bd5f-1a4f-4e06-a7c6-755bfd33f10c":{"type":"video","settings":{"video_titulo":"Novidade Exclusiva Que Vai Revolucionar o Mercado!","video_titulo_cor":"#0033c6","video_subtitulo":"","video_subtitulo_cor":"#ffffff","video_cor_fundo":"#fff8dc","video_url":"https:\/\/www.youtube.com\/watch?v=6zCp4nDKC98","video_size":650,"enable_shadow":true,"enable_radius":true,"enable_max_video":false,"enable_box_button":true}},"78ad98ea-7856-42ac-a3a1-54bbc0c54eb4":{"type":"topo","settings":{"topo":"DESCUBRA O PODER DO SUTIÃ CORRETOR DE POSTURA","topo_titulo_cor":"#000000","topo_subtitulo":"A TECNOLOGIA QUE DEVOLVE SEU BEM-ESTAR EM POUCOS DIAS DE USO","topo_subtitulo_cor":"#000000","topo_icones_cor":"#000000","topo_cor_fundo":"#ffffff","topo_img":"shopify:\/\/shop_images\/Imagem_1_667f3b16-1f4c-46f9-aa8d-98d70cf0f6ee.png","enable_box_button":false,"topo_invertido":false,"topo_item_01":"Alívio da dor nas costas","topo_item_02":"Melhora da postura","topo_item_03":"Redução do estresse e tensão muscular","topo_item_04":"Prevenção de lesões","topo_item_05":"Melhora da respiração"}},"e1c75b0b-1b8f-4cba-9210-4094d7c017a5":{"type":"beneficios","settings":{"beneficios_titulo":"Melhore sua Postura","beneficios_titulo_cor":"#0033c6","beneficios_subtitulo":"O suporte corretor de postura é um dispositivo que ajuda a corrigir a postura incorreta e aliviar a dor e a tensão nas costas, pescoço e ombros. Aqui estão alguns dos principais benefícios do uso de um suporte corretor de postura:","beneficios_subtitulo_cor":"#000000","enable_box_button":false,"beneficios_box_01_imagem":"shopify:\/\/shop_images\/Ajusta_a_postura_69445df9-c866-4196-9515-bdea32cb535b.png","beneficios_box_01_titulo":"Prevenção de lesões","beneficios_box_01_titulo_cor":"#0033c6","beneficios_box_01_subtitulo":"O suporte corretor de postura pode ajudar a prevenir lesões e desconforto causados por uma postura incorreta, especialmente em pessoas que passam muito tempo sentadas ou em pé.","beneficios_box_01_subtitulo_cor":"#000000","beneficios_box_02_imagem":"shopify:\/\/shop_images\/Confortavel_0ef55ced-f130-4fd9-ab90-063e30cf56d9.png","beneficios_box_02_titulo":"Aumento da confiança","beneficios_box_02_titulo_cor":"#0033c6","beneficios_box_02_subtitulo":"Ao melhorar a postura, o suporte corretor de postura pode aumentar a confiança e a autoestima de uma pessoa, pois uma postura correta pode ser vista como mais confiante e atraente.","beneficios_box_02_subtitulo_cor":"#000000","beneficios_box_03_imagem":"shopify:\/\/shop_images\/Extremamente_seguro_9701154a-a525-41d1-811f-8c56b1315483.png","beneficios_box_03_titulo":"Alta segurança","beneficios_box_03_titulo_cor":"#0033c6","beneficios_box_03_subtitulo":"O sutiã corretor de postura é feito de materiais resistentes e de alta qualidade, como tecidos elásticos e fortes, para garantir que não rasgue durante o uso.","beneficios_box_03_subtitulo_cor":"#000000","beneficios_box_04_titulo":"","beneficios_box_04_titulo_cor":"#000000","beneficios_box_04_subtitulo":"Subtítulo","beneficios_box_04_subtitulo_cor":"#000000","beneficios_box_05_titulo":"","beneficios_box_05_titulo_cor":"#000000","beneficios_box_05_subtitulo":"Subtítulo","beneficios_box_05_subtitulo_cor":"#000000","beneficios_box_06_titulo":"","beneficios_box_06_titulo_cor":"#000000","beneficios_box_06_subtitulo":"Subtítulo","beneficios_box_06_subtitulo_cor":"#000000"}},"ed5a18c6-c4cb-40ab-8d28-5a970b1caa68":{"type":"garantia","settings":{"garantia_titulo":"Garantia","garantia_titulo_cor":"#0033c6","garantia_subtitulo":"","garantia_subtitulo_cor":"#0033c6","garantia_icones_cor":"#5984ff","garantia_cor_fundo":"#ececec","enable_box_button":true,"garantia_alinhamento":true,"garantia_bloco_cor_texto":"#000000","garantia_bloco_01_texto":"Os melhores produtos com garantia de satisfação.","garantia_bloco_02_texto":"Garantia de devolução do dinheiro","garantia_bloco_03_texto":"Suporte ao cliente","garantia_bloco_04_texto":"Garantia de qualidade","garantia_bloco_05_texto":"Garantia de longa duração"}},"def66117-37fd-431c-a2df-c591f97449e9":{"type":"depoimentos","settings":{"depoimentos_titulo_acima":"DEPOIMENTOS","depoimentos_titulo":"O que os clientes dizem","depoimentos_titulo_cor":"#0033c6","depoimentos_subtitulo":"Atribuímos um grande valor a relacionamentos sólidos e vimos os benefícios que eles trazem para o nosso negócio. O feedback do cliente é vital para nos ajudar a acertar.","depoimentos_subtitulo_cor":"#000000","enable_box_button":false,"depoimentos_box_cor":"#f2f2f2","depoimentos_box_cor_borda":"#ffffff","depoimentos_box_01_imagem":"shopify:\/\/shop_images\/Feedback_1_c84c2810-fcd3-4982-a36c-221a1737f717.png","depoimentos_box_01_depoimento":"Eu comprei o produto há três meses e posso dizer que mudou minha vida! Eu sofria com dores nas costas, mas desde que comecei a usar esse produto, as dores desapareceram completamente.","depoimentos_box_01_nome":"Natalia de Sousa","depoimentos_box_01_nome_cor":"#000000","depoimentos_box_01_descricao":"Gerente de e-commerce","depoimentos_box_01_descricao_cor":"#000000","depoimentos_box_02_imagem":"shopify:\/\/shop_images\/Feedback_3_da13e119-c55e-4401-9872-fec795851690.png","depoimentos_box_02_depoimento":"Eu estava procurando por um produto para ajudar com a minha postura há meses e finalmente encontrei esse! Eu já posso ver uma diferença significativa na minha postura e sinto-me mais confortável o dia todo.","depoimentos_box_02_nome":"Maria Albuquerque","depoimentos_box_02_nome_cor":"#000000","depoimentos_box_02_descricao":"Desenvolvedora","depoimentos_box_02_descricao_cor":"#000000","depoimentos_box_03_imagem":"shopify:\/\/shop_images\/Feedback_2_da4ff1c0-9e66-4886-8cae-173bd942776f.png","depoimentos_box_03_depoimento":"Eu amei esse produto desde o primeiro uso. É tão confortável e eu posso usá-lo o dia todo sem sentir qualquer desconforto.","depoimentos_box_03_nome":"Gabriella Silva","depoimentos_box_03_nome_cor":"#000000","depoimentos_box_03_descricao":"Vendedora","depoimentos_box_03_descricao_cor":"#000000","depoimentos_box_04_depoimento":"","depoimentos_box_04_nome":"","depoimentos_box_04_nome_cor":"#000000","depoimentos_box_04_descricao":"Descrição","depoimentos_box_04_descricao_cor":"#000000","depoimentos_box_05_depoimento":"","depoimentos_box_05_nome":"","depoimentos_box_05_nome_cor":"#000000","depoimentos_box_05_descricao":"","depoimentos_box_05_descricao_cor":"#000000","depoimentos_box_06_depoimento":"","depoimentos_box_06_nome":"","depoimentos_box_06_nome_cor":"#000000","depoimentos_box_06_descricao":"","depoimentos_box_06_descricao_cor":"#000000"}},"8e4fb87e-162d-4864-a7d5-c6084b62d3a1":{"type":"pacotes","settings":{"pacotes_titulo":"Pacotes","pacotes_titulo_cor":"#0a2880","pacotes_bg_cor":"#fff8dc","pacotes_bg_box_cor":"#ffffff","pacotes_box_cor_borda":"","pacotes_botao_destaque_cor":"#e7e7e7","pacotes_botao_destaque_cor_txt":"#000000","pacotes_rodape_txt":"Não apenas o sutiã corretor de postura ajuda a aliviar as dores nas costas e melhorar a postura, mas também oferece conforto durante todo o dia. Imagine se sentir mais confortável e saudável, sem ter que lidar com dores desnecessárias. Não perca a oportunidade de ter uma vida mais saudável e confortável - experimente o sutiã corretor de postura agora!","pacotes_rodape_txt_cor":"","pacotes_rodape_img":"shopify:\/\/shop_images\/Selos_de_seguranca_55894a94-b50e-48d2-9300-e29275b7e156.png","enable_box_button":false,"pacotes_box_01_img":"shopify:\/\/shop_images\/1_b7c1d76e-4a96-4d2f-83f0-3fe491daeaee.png","pacotes_box_01_txt_destaque":"Promoção especial","pacotes_box_01_txt_sub_destaque":"1 Unidade","pacotes_box_01_txt_destaque_cor":"","pacotes_box_01_txt_cor":"","pacotes_box_01_txt_botao_destaque":"Frete grátis","pacotes_box_01_txt_destaque_secundario":"R$ 119,90","pacotes_box_01_txt_sub_destaque_secundario":"ou R$ 100,00 à vista","pacotes_box_01_botao_comprar":"Comprar","pacotes_box_01_botao_comprar_cor":"#ff7b31","pacotes_box_01_botao_comprar_link":"shopify:\/\/pages\/politica-privacidade-tutorial-paginas","pacotes_box_02_img":"shopify:\/\/shop_images\/2_8b521656-75f3-420f-a6d7-4817096b2f32.png","pacotes_box_02_txt_destaque":"Maior Economia","pacotes_box_02_txt_sub_destaque":"2 Unidades","pacotes_box_02_txt_destaque_cor":"","pacotes_box_02_txt_cor":"","pacotes_box_02_txt_botao_destaque":"Frete grátis","pacotes_box_02_txt_destaque_secundario":"R$ 219,90","pacotes_box_02_txt_sub_destaque_secundario":"ou R$ 189,90 à vista","pacotes_box_02_botao_comprar":"Comprar","pacotes_box_02_botao_comprar_cor":"#ff7b31","pacotes_box_02_botao_comprar_link":"","pacotes_box_03_img":"shopify:\/\/shop_images\/3_6abd7dd0-1ee3-4a2a-80a1-b0b3b2e66a83.png","pacotes_box_03_txt_destaque":"Oferta Exclusiva!","pacotes_box_03_txt_sub_destaque":"3 Unidades","pacotes_box_03_txt_destaque_cor":"","pacotes_box_03_txt_cor":"","pacotes_box_03_txt_botao_destaque":"Frete grátis","pacotes_box_03_txt_destaque_secundario":"R$ 297,70","pacotes_box_03_txt_sub_destaque_secundario":"ou R$ 277,90 à vista","pacotes_box_03_botao_comprar":"Comprar","pacotes_box_03_botao_comprar_cor":"#ff7b31","pacotes_box_03_botao_comprar_link":"","pacotes_box_04_txt_destaque":"","pacotes_box_04_txt_sub_destaque":"Texto abaixo destaque","pacotes_box_04_txt_destaque_cor":"","pacotes_box_04_txt_cor":"","pacotes_box_04_txt_botao_destaque":"Frete grátis","pacotes_box_04_txt_destaque_secundario":"R$ 00,00","pacotes_box_04_txt_sub_destaque_secundario":"ou R$ 00,00 à vista","pacotes_box_04_botao_comprar":"Comprar","pacotes_box_04_botao_comprar_cor":"#cccccc","pacotes_box_04_botao_comprar_link":"","pacotes_box_05_txt_destaque":"","pacotes_box_05_txt_sub_destaque":"Texto abaixo destaque","pacotes_box_05_txt_destaque_cor":"","pacotes_box_05_txt_cor":"","pacotes_box_05_txt_botao_destaque":"Frete grátis","pacotes_box_05_txt_destaque_secundario":"R$ 00,00","pacotes_box_05_txt_sub_destaque_secundario":"ou R$ 00,00 à vista","pacotes_box_05_botao_comprar":"Comprar","pacotes_box_05_botao_comprar_cor":"#cccccc","pacotes_box_05_botao_comprar_link":"","pacotes_box_06_txt_destaque":"","pacotes_box_06_txt_sub_destaque":"Texto abaixo destaque","pacotes_box_06_txt_destaque_cor":"","pacotes_box_06_txt_cor":"","pacotes_box_06_txt_botao_destaque":"Frete grátis","pacotes_box_06_txt_destaque_secundario":"R$ 00,00","pacotes_box_06_txt_sub_destaque_secundario":"ou R$ 00,00 à vista","pacotes_box_06_botao_comprar":"Comprar","pacotes_box_06_botao_comprar_cor":"#cccccc","pacotes_box_06_botao_comprar_link":""}},"cf385389-3b08-470c-ba64-188c85030de9":{"type":"duvidas","settings":{"duvidas_titulo":"Dúvidas frequentes","duvidas_titulo_cor":"#0a2880","enable_box_button":false,"duvidas_accordion_titulo_bg_cor":"#ff7b31","duvidas_accordion_titulo_bg_cor_hover":"#000000","duvidas_accordion_titulo_cor_txt":"#ffffff","duvidas_accordion_cor_txt":"#000000","duvidas_accordion_01_titulo_txt":"Como faço para comprar?","duvidas_accordion_01_txt":"Selecione uma demo acima e dentro dela há uma seção de compra disponível.","duvidas_accordion_02_titulo_txt":"O tema Astron é pagamento único?","duvidas_accordion_02_txt":"Sim, nosso tema possui pagamento único com acesso vitalício.","duvidas_accordion_03_titulo_txt":"Como vou receber o acesso ao tema e documentação?","duvidas_accordion_03_txt":"Seu acesso após o pagamento é imediato atráves da Plataforma Astron + Área de membros da Kiwify.","duvidas_accordion_04_titulo_txt":"Vou perder as atualizações ao atualizar o tema?","duvidas_accordion_04_txt":"Não, temos um tutorial em nossa central de ajuda que te ensina a atualizar para a última versão sem perder suas personalizações.","duvidas_accordion_05_titulo_txt":"Garantia: \"Este produto vem com uma garantia?\"","duvidas_accordion_05_txt":"O sutiã corretor de postura é feito com materiais de alta qualidade e é projetado para durar. A maioria dos sutiãs corretores de postura vêm com garantias de qualidade, o que significa que você pode ter certeza de que está investindo em um produto confiável.","duvidas_accordion_06_titulo_txt":"","duvidas_accordion_06_txt":"","duvidas_accordion_07_titulo_txt":"","duvidas_accordion_07_txt":"","duvidas_accordion_08_titulo_txt":"","duvidas_accordion_08_txt":"","duvidas_accordion_09_titulo_txt":"","duvidas_accordion_09_txt":"","duvidas_accordion_10_titulo_txt":"","duvidas_accordion_10_txt":""}},"64470068-ba8b-4aef-89ea-7e98cbeec765":{"type":"atendimento","settings":{"atendimento_bg":"#f2f2f2","atendimento_titulo":"QUER FALAR COM UM DE NOSSOS ATENDENTES?","atendimento_titulo_cor":"#0033c6","atendimento_subtitulo":"Se você possui dúvidas e quer falar direto com uma de nossas consultoras, disponibilizamos um Whatsapp Exclusivo. Para acessar clique no botão abaixo.","atendimento_subtitulo_cor":"#000000","enable_box_button":true,"whatsapp-button-text":"Compre via WhatsApp","whatsapp-button-color":"#25d366","whatsapp-button-text-color":"#ffffff","whatsapp-button-icon-color":"#38c66d","whatsapp-button-online-color-text":"#ffffff","whatsapp-button-online-color":"#54cd81","whats-name":"AstronEcom","whatsapp-phone-text":"48991344572","new_tab_whatsapp":true,"whats_left_center":"center","whats_border":"#bdefc3","descwhats":"Gostaria de mais informações!"}},"cae4be3e-c48c-40e1-97af-3e288a6d687c":{"type":"rodape","settings":{"rodape_bg":"#ffffff","rodape_colors_txt_coluna":"#000000","rodape_colors_txt":"#000000","rodape_colors_icons":"#000000","rodape_img_destaque":"shopify:\/\/shop_images\/Favicon.png","rodape_nome_item_01":"Links","rodape_link_01":"shopify:\/\/pages\/politica-de-privacidade-e-termos","rodape_link_01_txt":"Aviso Legal","rodape_link_02":"shopify:\/\/pages\/politica-privacidade-tutorial-paginas","rodape_link_02_txt":"Política de Privacidade","rodape_link_03":"shopify:\/\/pages\/rastreie-seu-pedido-exemplo","rodape_link_03_txt":"Rastrear Pedidos","rodape_link_04":"shopify:\/\/pages\/politica-de-privacidade-e-termos","rodape_link_04_txt":"Termos e Condições","rodape_link_05":"","rodape_link_05_txt":"","rodape_nome_item_02":"Formas de Pagamento","rodape_img_formas_pagto":"shopify:\/\/shop_images\/cards-ft-2_jpg-removebg-preview_cd86a254-9402-4223-824b-3e381e1a94bf.png","rodape_nome_item_03":"Formas de Envio","rodape_img_formas_envio":"shopify:\/\/shop_images\/Correios_PAC_e_SEDEX_ac1b918f-69e3-43b9-b647-7c3f628ed6ad.png","rodape_link_instagram":"https:\/\/www.instagram.com\/astronecom\/","rodape_link_whatsapp":"https:\/\/api.whatsapp.com\/send?phone=5562999999999","rodape_img_seguro":"shopify:\/\/shop_images\/Selo_3_321a490b-4283-4e8e-8424-8609f9204e94.png","footer_information":"© 2023 SUA LOJA - Todos os direitos reservados."}}},"block_order":["0a46bd5f-1a4f-4e06-a7c6-755bfd33f10c","78ad98ea-7856-42ac-a3a1-54bbc0c54eb4","e1c75b0b-1b8f-4cba-9210-4094d7c017a5","ed5a18c6-c4cb-40ab-8d28-5a970b1caa68","def66117-37fd-431c-a2df-c591f97449e9","8e4fb87e-162d-4864-a7d5-c6084b62d3a1","cf385389-3b08-470c-ba64-188c85030de9","64470068-ba8b-4aef-89ea-7e98cbeec765","cae4be3e-c48c-40e1-97af-3e288a6d687c"],"settings":{"landing_box_button_img":"shopify:\/\/shop_images\/Selos_de_seguranca_55894a94-b50e-48d2-9300-e29275b7e156.png","landing_box_button_txt":"Conhecer Mais","landing_box_button_link":"#pacotes","landing_box_button_txt_auxiliar":"Compra 100% Segura e Satisfação Garantida!","landing_box_button_color":"#1ac985","landing_box_button_color_hover":"#000000","whatsapp-button-text":"Gostaria de mais informações!"}}},"order":["landing_page_astron"]}