{"sections":{"product-modelo-2":{"type":"product-modelo-2","settings":{"show_quantity_selector":true,"availability":true,"viewer":true,"stockbar":true,"timer":true,"show_vendor":false,"enable_payment_button":false,"show_share_buttons":true,"variant":"swatch","media_size":"medium","enable_image_zoom":true,"enable_video_looping":false,"thumbnail":"verticle","checkout":"","return":"","shipping":""}},"1628076422783ec6db":{"type":"feature-row","settings":{"layout":"right","title":"Imagem com descrição","text":"<p>Utilize uma imagem e descrição padrão para produtos selecionados. Divulgue promoções, cupons de desconto e crie ações exclusivas em produtos.<\/p>","button_label":"","button_link":""}},"frequently-bought-together-5":{"type":"frequently-bought-together","blocks":{"frequently_bought":{"type":"frequently_bought","settings":{"frequently_bought_title":"Frequentemente comprados juntos","background_color":""}}},"block_order":["frequently_bought"],"settings":{}},"product-recommendations-5":{"type":"product-recommendations","disabled":true,"settings":{"show_product_recommendations":true,"add_cart_show":true,"swatch_image":true,"heading":"Você também pode gostar","show_vendor":false}}},"order":["product-modelo-2","1628076422783ec6db","frequently-bought-together-5","product-recommendations-5"]}