{"sections":{"product-modelo-1":{"type":"product-modelo-1","settings":{"show_quantity_selector":true,"availability":true,"next_prev":true,"viewer":true,"stockbar":true,"timer":true,"show_vendor":false,"enable_payment_button":false,"show_share_buttons":true,"variant":"swatch","media_size":"medium","enable_image_zoom":false,"enable_video_looping":true,"checkout":"","return":"","shipping":""}},"product-recommendations":{"type":"product-recommendations","disabled":true,"settings":{"show_product_recommendations":true,"add_cart_show":true,"swatch_image":false,"heading":"Você também pode gostar","show_vendor":false}},"1646199970c8d49321":{"type":"feature-row","settings":{"layout":"left","title":"Imagem com descrição","text":"<p>Utilize uma imagem e descrição padrão para produtos selecionados. Divulgue promoções, cupons de desconto e crie ações exclusivas em produtos.<\/p>","button_label":"","button_link":""}},"1646205781972b831f":{"type":"frequently-bought-together","blocks":{"361fd72c-913c-4906-ba74-aedd1593803f":{"type":"frequently_bought","settings":{"frequently_bought_title":"Frequentemente comprados juntos"}}},"block_order":["361fd72c-913c-4906-ba74-aedd1593803f"],"settings":{}}},"order":["product-modelo-1","product-recommendations","1646199970c8d49321","1646205781972b831f"]}