{"current":{"heading_color":"#ffffff","text_color":"#ffffff","accent_color":"#58b76c","link_color":"#fff9f9","border_color":"#58b76c","background":"#111111","secondary_background":"#2e2e2e","error_color":"#f71b1b","success_color":"#48b448","primary_button_background":"#000000","primary_button_text_color":"#ffffff","btn_primary_color_buy":"#24e549","btn_primary_color_buy_text":"#ffffff","secondary_button_background":"#005ecb","secondary_button_text_color":"#ffffff","footer_background":"#111111","footer_text_color":"#ffffff","header_background":"#111111","header_text_color":"#ffffff","header_light_text_color":"#ffffff","color_icons_header":"#ffffff","header_accent_color":"#0c950c","header_bar_background":"#111111","header_bar_text_color":"#ffffff","product_on_sale_accent":"#ffffff","discount_percentage_background":"#0fb930","product_cor_do_preco_semdesc":"#0fb930","product_cor_do_preco":"#0fb930","product_cor_do_preco_riscado":"#fd4a4a","product_cor_dos_titles":"#0076ff","product_in_stock_color":"#0fb930","product_low_stock_color":"#ee0000","product_sold_out_color":"#f71b1b","ali_hunter_enable":true,"botao_direito_enable":true,"addzap":false,"numberzap":"+55 (71) 9 9251-4988","titlezap":"Fale Conosco \n<span>\nO melhor suporte é com a Outlet&Home!\n<\/span>","colorzap":"#702dfa","chatzap":"Olá, estou aqui para te ajudar!","digizap":"Digite sua mensagem...","base_text_font_size":15,"heading_font":"sans-serif","text_font":"basic_commercial_n4","underline_links":true,"animation_image_zoom":true,"search_mode":"product,article,page","border_radius_theme":12,"mostrar_fretegratis1":false,"cordabarra":"#58b76c","cordotexto":"#ffffff","mostrar_parcelamento":false,"mostrar_parcelascomo":"no_info_juros","porcentagem_de_juros":"1.2161","qty_vezes":12,"mostrar_estrelas_ryviu":true,"mostrar_estrelas":false,"corstars":"#ffce00","mostrar_bfimg":false,"show_vendor":false,"show_secondary_image":true,"show_discount":true,"discount_mode":"percentage","product_price_position":"after_title","product_image_size":"square","show_color_swatch":false,"show_inventory_quantity":false,"low_inventory_threshold":30,"show_reviews_badge":false,"cart_type":"page","cart_empty_button_link":"shopify:\/\/collections\/all","cart_show_free_shipping_threshold":false,"cart_free_shipping_threshold":"50","social_facebook":"","social_twitter":"","social_pinterest":"","social_instagram":"","social_vimeo":"","social_tumblr":"","social_youtube":"","social_linkedin":"","social_snapchat":"","social_fancy":"","checkout_logo_image":"shopify:\/\/shop_images\/Imagem_do_WhatsApp_de_2023-02-28_a_s_00.50.03_-_Editado.png","checkout_logo_position":"center","checkout_logo_size":"large","checkout_body_background_image":"","checkout_body_background_color":"#ffffff","checkout_input_background_color_mode":"white","checkout_sidebar_background_image":"","checkout_sidebar_background_color":"#f7f4f2","checkout_heading_font":"-apple-system, BlinkMacSystemFont, 'Segoe UI', Roboto, Helvetica, Arial, sans-serif, 'Apple Color Emoji', 'Segoe UI Emoji', 'Segoe UI Symbol'","checkout_body_font":"-apple-system, BlinkMacSystemFont, 'Segoe UI', Roboto, Helvetica, Arial, sans-serif, 'Apple Color Emoji', 'Segoe UI Emoji', 'Segoe UI Symbol'","checkout_accent_color":"#ff6128","checkout_button_color":"#ff6128","checkout_error_color":"#f71b1b","product_label_1_background":"#ff6128","product_label_2_background":"#a95ebe","product_star_color":"#ffb647","cordefundo":"#702dfa","header_cordotexto":"#96a3da","header_corsubheader":"#1d2a6c","sections":{"header":{"type":"header","blocks":{"e0a9a05a-d806-4fcb-afce-b9282513a0f6":{"type":"mega_menu","disabled":true,"settings":{"menu_item":"","image_1_heading":"Your image","image_1_text":"Tell your story","image_1_link":"","image_2_heading":"Your image","image_2_text":"Tell your story","image_2_link":""}}},"block_order":["e0a9a05a-d806-4fcb-afce-b9282513a0f6"],"settings":{"enable_sticky_header":false,"box_shadow_header_active":true,"show_track_order_header":true,"rastreiopage":"rastrear-pedido","selector_style_search_icon":"style_2","logo":"shopify:\/\/shop_images\/Design_sem_nome_5.png","logo_max_width":135,"mobile_logo_max_width":140,"barraimg_top":false,"barraimg_bottom":false,"bgimg":"#000000","imgpc":"shopify:\/\/shop_images\/pexels-pixabay-267391_1.png","imgpc_max_width":100,"imgmob":"shopify:\/\/shop_images\/pexels-pixabay-267391_1_c9f4763a-d7a3-4700-a63f-c85151974eb9.png","imgmob_max_width":85,"linkimg":"https:\/\/dropmeta.com.br\/tema","mostrar_bar_info_shipping":false,"bg_bar_info_shipping":"#ffffff","bg_bar_info_bold":"#702dfa","bg_bar_info_normal":"#737b97","mostrar_barra":true,"background1":"#08ff08","background2":"#fe0e0e","background3":"#9100ff","background4":"#005ecb","show_locale_selector":false,"show_currency_selector":false,"navigation_menu":"","desktop_navigation_layout":"inline","desktop_navigation_open_trigger":"hover","show_navigation_social_media":false,"navigation_phone_number":"Telefone aqui","navigation_email":"E-mail aqui","show_condensed_search":false,"show_search_filter":false,"search_menu":"","show_search_menu_title":false}},"footer":{"type":"footer","blocks":{"c9a6c378-573f-4c54-9fc6-5ca6e279f3f2":{"type":"text","settings":{"mostrar_logotipo":true,"logo_max_width_footer":190,"title":"ATENDIMENTO AO CLIENTE","content":"<p><strong>Email: <\/strong><em>suporte.outlets.home@gmail.com<\/em><br\/><strong>WhatsApp:<\/strong> +55 (71) 9 9251-4988<\/p>"}},"c630bd4c-dba8-4106-bde8-eb6d4028030c":{"type":"text","settings":{"mostrar_logotipo":false,"logo_max_width_footer":140,"title":"INFORMAÇÕES LEGAIS","content":"<p>Razão Social: Proposito Negocios Digitais LTDA<br\/>CEP: 40020-901<\/p>"}},"footer-1":{"type":"links","settings":{"menu":"footer"}},"23b7e603-1746-4ba2-b8e6-5856acdfd7a5":{"type":"newsletter","settings":{"title":"","subheading":"<h3><strong>Receba novidades de graça!<\/strong><\/h3>"}}},"block_order":["c9a6c378-573f-4c54-9fc6-5ca6e279f3f2","c630bd4c-dba8-4106-bde8-eb6d4028030c","footer-1","23b7e603-1746-4ba2-b8e6-5856acdfd7a5"],"settings":{"mostrar_cnpj":false,"cnpjaqui":"","mostrar_mensagemdeaviso":true,"textdordp":"<p>Preços e condições de pagamento exclusivos para compras neste site oficial, podendo variar com o tempo da oferta. Evite comprar produtos mais baratos ou de outras lojas, pois você pode estar sendo enganado(a) por um golpista. Caso você compre os mesmos produtos em outras lojas,<strong> não nos responsabilizamos por quaisquer problemas.<\/strong><\/p>","mostrar_bandeiras_rdp":true,"txt_bandeiras":"Formas de pagamento","mostrar_selospretos":false,"mostrar_selosbrancos":true,"mostrar_selo1":true,"selo1":"temadropmetaoficial.myshopify.com","mostrar_selo2":true,"selo2":"https:\/\/www.reclameaqui.com.br\/reclamar\/","mostrar_selo3":true,"selo3":"temadropmetaoficial.myshopify.com","mostrar_barra":true,"background1":"#fcd000","background2":"#ff5f5f","background3":"#9100ff","background4":"#0086ff","show_social_media":false,"show_payment_icons":false,"show_locale_selector":false,"show_currency_selector":false,"show_cookie_bar":true,"text":"<p>Utilizamos cookies para melhorar nosso site e sua experiência de compra. Ao continuar navegando em nosso site,<strong>você está de acordo conforme nossa política quando a utilização de cookies.<\/strong><\/p>","accept_button":"ACEITO"}},"slideshow":{"type":"slideshow","blocks":{"e9bcd9bc-1dfe-43a3-b319-7c9c999c0ce9":{"type":"image","settings":{"image":"shopify:\/\/shop_images\/Banner_paisagem_black_friday_desconto_neon_moderno_azul_e_roxo.gif","show_overlay":false,"overlay_opacity":30,"text_color":"#ffffff","title":"","content":"","content_position":"middle_center","button_background":"#ffffff","button_text_color":"#000000","button_text":"","link":"shopify:\/\/pages\/sobre-nos"}},"bbea030d-de91-4721-9ea1-9660f647bbd7":{"type":"image","settings":{"image":"shopify:\/\/shop_images\/Banner_-_Landscape_-_Special_Offer_-_Up_to_50_-_Earphone_bluetooth_1.gif","show_overlay":false,"overlay_opacity":30,"text_color":"#ffffff","title":"","content":"","content_position":"middle_center","button_background":"#ffffff","button_text_color":"#000000","button_text":"","link":""}},"d781ed8d-3f0d-4dd0-a13c-a1ab1cb54021":{"type":"image","settings":{"image":"shopify:\/\/shop_images\/Banner_para_loja_de_eletronicos_promocao_desconto_moderno_preto_e_roxo_3.gif","show_overlay":false,"overlay_opacity":30,"text_color":"#ffffff","title":"","content":"","content_position":"middle_center","button_background":"#ffffff","button_text_color":"#000000","button_text":"","link":""}},"849efc5d-00fb-481a-970a-5e7e4711134b":{"type":"image","settings":{"image":"shopify:\/\/shop_images\/Banner_para_loja_de_eletronicos_promocao_desconto_moderno_preto_e_roxo.gif","show_overlay":false,"overlay_opacity":30,"text_color":"#ffffff","title":"","content":"","content_position":"middle_center","button_background":"#ffffff","button_text_color":"#000000","button_text":"","link":""}}},"block_order":["e9bcd9bc-1dfe-43a3-b319-7c9c999c0ce9","bbea030d-de91-4721-9ea1-9660f647bbd7","d781ed8d-3f0d-4dd0-a13c-a1ab1cb54021","849efc5d-00fb-481a-970a-5e7e4711134b"],"settings":{"edge_to_edge":false,"section_size":"preserve_ratio","carousel_effect":"fade","autoplay":false,"cycle_speed":5}},"collection-list":{"type":"collection-list","disabled":true,"blocks":{"collection-0":{"type":"collection","settings":{"collection":""}},"collection-1":{"type":"collection","settings":{"collection":""}},"collection-2":{"type":"collection","settings":{"collection":""}},"collection-3":{"type":"collection","settings":{"collection":""}},"collection-4":{"type":"collection","settings":{"collection":""}},"collection-5":{"type":"collection","settings":{"collection":""}},"251025eb-4e17-48d5-b423-fc3c87660798":{"type":"collection","settings":{"collection":""}}},"block_order":["collection-0","collection-1","collection-2","collection-3","collection-4","collection-5","251025eb-4e17-48d5-b423-fc3c87660798"],"settings":{"title":"Our collections","link_title":"View all","link":"shopify:\/\/collections","round_images":true,"show_collection_title":true}},"collection-template":{"type":"collection-template","settings":{"show_collection_image":false,"collapse_collection_description":false,"collection_image_size":"small","products_per_row":"4","default_products_per_page":24,"default_view_layout":"grid","show_quick_buy":"list","show_quick_view":"list","quick_links":"main-menu","quick_links_show_products_count":false,"show_filters":false,"show_filter_color_swatch":false,"filter_type":"tag","open_group_filters_mode":"all_closed","filter_group_order":""}},"recently-viewed-products":{"type":"recently-viewed-products","settings":{"title":"Recently viewed","show_quick_buy":false}},"product-template":{"type":"product-template","settings":{"mostrar_frete1":false,"selector_mode_background_shipping":"mod_2","titulofrete":"Entrega via Correios©","cordaborda":"#58b76c","mostrar_frete2":true,"mostrar_fretegratis":true,"mostrar_frete_full":true,"mostrar_correios":true,"mostrar_devolucao":true,"mostrar_garantia":true,"mostrar_maisvendido":true,"mostrar_btn_wtspp":true,"background_whatsapp_btn":"#ffffff","txt_whatsapp_btn":"#00a74e","wtspp_text":"Comprar pelo WhatsApp","whatsapplinknumber":"5571983830092","mostrar_campo_personalizado":true,"mostrar_pix":true,"pix":"10","mostrar_natalimg":false,"selector_mode_natalimg":"pos","mostrar_contador":false,"bg_contador":"#ff0000","txt_um_contador":"#000000","texto_contador":"Corra! Promo acaba em","txt_dois_contador":"#ffce00","corbandeiras":"#702dfa","mostrar_bandeiras":true,"mostrar_cssryviu":true,"mostrar_cssareviews":false,"mostrar_addtocart":false,"mostrar_quantidadevendidos":true,"mostrar_icone":true,"mostrar_codigodoitem":false,"mostrar_barra_de_entrega":false,"blackfriday":false,"selector_mode":"block","color_mode":"variant_image","show_quantity_selector":false,"show_payment_button":false,"image_size":"large","enable_image_zoom":true,"enable_video_looping":false,"zoom_effect":"inside","carousel_effect":"fade","show_inventory_quantity":false,"low_inventory_threshold":1,"content_display_mode":"show_all_and_expand_description","tab_page_1_handle":"duvidadas","tab_page_2_handle":"","tab_page_3_handle":"","enable_reviews":true,"show_reviews_badge":false,"trust_title":"Pagamento Seguro","show_payment_icons":true,"show_shipping_estimator":false,"shipping_estimator_default_country":"","show_refunds_policy":true}},"product-recommendations":{"type":"product-recommendations","settings":{"show_product_recommendations":true,"heading":"Talvez você goste","show_quick_buy":false}},"announcement-bar":{"type":"announcement-bar","settings":{"show_announcement":true,"background1":"#6c0cc4","background2":"#111111","text_color":"#ffffff","mostraricone":true,"text":"FRETE GRÁTIS PARA TODO O BRASIL","show_newsletter":false,"newsletter_button":"","newsletter_title":"Newsletter","newsletter_content":"<h4>Se inscreva em nossa newsletter para receber as últimas promoções.<\/h4>"}},"popups":{"type":"popups","blocks":{"b22b415f-be24-4a71-b4b5-42c2c9c7a0e3":{"type":"newsletter","disabled":true,"settings":{"show_only_on_index":true,"show_only_for_visitors":true,"show_only_once":true,"title":"Popup","content":"<p>You can use this popup to display some useful information to your customers.<\/p>","show_newsletter":true,"apparition_delay":5}}},"block_order":["b22b415f-be24-4a71-b4b5-42c2c9c7a0e3"],"custom_css":[],"settings":{}},"text-with-icons":{"type":"text-with-icons","blocks":{"text-with-icons-3":{"type":"item","settings":{"icon":"bi-mobile-payment","title":"Compra Segura","content":"<p>Ambiente  seguro para pagamentos online<\/p>"}},"text-with-icons-0":{"type":"item","settings":{"icon":"bi-fast-delivery","title":"Frete Grátis","content":"<p>Envio rápido e acompanhado com código de rastreio<br\/><\/p>"}},"text-with-icons-2":{"type":"item","settings":{"icon":"bi-love","title":"Suporte Profissional","content":"<p>Equipe de suporte de extrema qualidade a semana toda<br\/><\/p>"}},"text-with-icons-1":{"type":"item","settings":{"icon":"bi-returns","title":"Satisfação ou Reembolso","content":"<p>Caso haja algo, devolvemos seu dinheiro com velocidade<\/p>"}}},"block_order":["text-with-icons-3","text-with-icons-0","text-with-icons-2","text-with-icons-1"],"settings":{"show_section":true,"stack_mobile":false}},"16153539675ef431a7":{"type":"featured-collection","disabled":true,"settings":{"collection":"frontpage","title":"Ofertas da semana","products_count":50,"layout":"vertical","stack_desktop":false,"show_quick_buy":false,"link_title":"Ver todos","link_url":""}},"16153541158fc73818":{"type":"featured-collection","disabled":true,"settings":{"collection":"frontpage","title":"Todos os produtos","products_count":50,"layout":"vertical","stack_desktop":false,"show_quick_buy":false,"link_title":"Ver Todos","link_url":""}},"static-promotion-list":{"type":"static-promotion-list","settings":{"expand_items":false,"section_size":"medium","stack_mobile":false}},"static-recently-viewed-products":{"type":"static-recently-viewed-products","settings":{"show_section":false,"title":"Produtos que você viu recentemente","show_quick_buy":false}},"cart-template":{"type":"cart-template","settings":{"enable_order_notes":true,"mostrar_mensagempixcartao":true,"show_payment_icons":true,"gift_wrap_product":"embrulhar-pedido","gift_wrap_text":"Deseja embrulhar seu pedido?","gift_wrap_button":"Adicionar agora","show_shipping_estimator":false,"shipping_estimator_default_country":"Brazil","trust_heading":"Nossas garantias","upsell_heading":"Aproveite e leve também","upsell_collection":"frontpage","upsell_products_count":4}},"static-newsletter":{"type":"static-newsletter","settings":{"show_section":false,"title":"Subscribe to our newsletter","content":"<p>A short sentence describing what someone will receive by subscribing<\/p>","subtext":"100% free, Unsubscribe any time!","background":"#1e2d7d","text":"#ffffff"}},"page-contact-template":{"type":"page-contact-template","settings":{"form_heading":"Preenche o formulário abaixo.","show_store_info":false,"store_heading":"","store_info":""}},"16494890143053ae61":{"type":"image-with-text","disabled":true,"settings":{"image":"shopify:\/\/shop_images\/Business_card_in_the_hand_of_a_driver_Sem_nome_Post_para_Instagram_Quadrado.png","image_position":"left","image_width":55,"title":"Pouco De Nós","content":"<p>Desenvolvidos para atender suas necessidades e prezar<br\/>pela satisfação e segurança entregando produtos da mais<br\/>alta qualidade da melhor forma possível!<\/p><p><em><strong>Quer saber mais sobre nós e nossa equipe?<\/strong><\/em><br\/>Clique no botão abaixo<\/p>","button_text":"Entrar em Contato","button_link":"shopify:\/\/pages\/contact"}},"1649489657b78ca727":{"type":"collection-list","disabled":true,"blocks":{"1649489657b78ca727-0":{"type":"collection","settings":{"collection":"smartwatches"}},"1649489657b78ca727-1":{"type":"collection","settings":{"collection":"casa-cozinha"}},"1649489657b78ca727-2":{"type":"collection","settings":{"collection":"fitness"}},"1649489657b78ca727-3":{"type":"collection","settings":{"collection":"fones"}},"1649489657b78ca727-4":{"type":"collection","settings":{"collection":"beleza-saude"}},"0c56a93b-d66f-4823-ae91-bd01bb634a00":{"type":"collection","settings":{"collection":"mais-vendidos"}},"1649489657b78ca727-5":{"type":"collection","settings":{"collection":"para-pets"}},"d5a5159b-779d-45d2-871b-4a5e622bb3b2":{"type":"collection","settings":{"collection":"eletronicos"}}},"block_order":["1649489657b78ca727-0","1649489657b78ca727-1","1649489657b78ca727-2","1649489657b78ca727-3","1649489657b78ca727-4","0c56a93b-d66f-4823-ae91-bd01bb634a00","1649489657b78ca727-5","d5a5159b-779d-45d2-871b-4a5e622bb3b2"],"settings":{"title":"","link_title":"Ver tudo","collection_dm_new":true,"link":"shopify:\/\/collections","round_images":false,"show_collection_title":true}},"1649913261818592e3":{"type":"promotion-list","disabled":true,"blocks":{"1649913261818592e3-0":{"type":"item","settings":{"show_overlay":false,"overlay_opacity":50,"stretch_image":false,"background":"#7a00ff","background2":"#00ffb8","text_color":"#ffffff","title":"Haylou LS02 Smartwatch","content":"Por apenas R$ 219,90","content_position":"top_left","button_background":"#ffffff","button_text_color":"#7a00ff","button_text":"Ver produto","button_link":"shopify:\/\/products\/haylou-ls02-smartwatch"}},"1649913261818592e3-1":{"type":"item","settings":{"show_overlay":false,"overlay_opacity":50,"stretch_image":false,"background":"#7a00ff","background2":"#00ffb8","text_color":"#ffffff","title":"Haylou RT2 (LS10)","content":"Por apenas R$ 289,90","content_position":"top_left","button_background":"#ffffff","button_text_color":"#7a00ff","button_text":"Ver produto","button_link":"shopify:\/\/products\/haylou-rt2-ls10"}},"1649913261818592e3-2":{"type":"item","settings":{"show_overlay":false,"overlay_opacity":50,"stretch_image":false,"background":"#7a00ff","background2":"#00ffb8","text_color":"#ffffff","title":"Haylou GST Smartwatch","content":"Por apenas R$ 259,90","content_position":"top_left","button_background":"#ffffff","button_text_color":"#7a00ff","button_text":"Ver produto","button_link":"shopify:\/\/products\/smartwatch-dropmeta"}}},"block_order":["1649913261818592e3-0","1649913261818592e3-1","1649913261818592e3-2"],"settings":{"expand_items":false,"section_size":"medium","stack_mobile":true}},"1649913264519d35a7":{"type":"collection-with-image","disabled":true,"settings":{"collection":"frontpage","products_count":20,"background1":"#6c0cc4","background2":"#000000","text_color":"#ffffff","title":"Os produtos mais vendidos da nossa coleção","content":"","button_background":"#0c950c","button_text_color":"#ffffff","button_text":"Ver mais produtos","button_link":""}},"minimal-header":{"type":"minimal-header","settings":{"logo":"shopify:\/\/shop_images\/LOGOMARCA_ISO_COLORIDO_ecc51cc9-6d7c-44e7-abfe-2dd750c53836.png","logo_max_width":175,"mobile_logo_max_width":145}},"password-template":{"type":"password-template","settings":{"show_social_media":true,"heading":"Loja milionária em construção!","text":"<p>Para acessar e sentir o gostinho do sucesso, coloque a senha \"4321\".<\/p>","show_newsletter_signup":false,"newsletter_text":"<p>A short sentence describing what someone will receive by subscribing.<\/p>"}},"list-collections-template":{"type":"list-collections-template","settings":{"collections_to_show":"all","show_collection_title":true,"show_collection_overlay":true,"collection_overlay_opacity":20}}},"content_for_index":["slideshow","16153539675ef431a7","1649913261818592e3","1649913264519d35a7","16153541158fc73818","1649489657b78ca727","16494890143053ae61"],"blocks":{"11667715999621601152":{"type":"shopify:\/\/apps\/tiktok-ads-tiktok-pixels\/blocks\/turbo-tiktok\/0f61e244-e2c9-43da-9523-9762c9f7e6bf","disabled":false,"settings":{}},"1990815452989453926":{"type":"shopify:\/\/apps\/ryviu-product-reviews-qa\/blocks\/ryviu-js\/807ad6ed-1a6a-4559-abea-ed062858d9da","disabled":false,"settings":{}}}},"presets":{"Metal":{"heading_color":"#1e2d7d","text_color":"#677279","accent_color":"#00badb","link_color":"#00badb","border_color":"#e1e3e4","background":"#f3f5f6","secondary_background":"#ffffff","error_color":"#ff0000","success_color":"#00aa00","primary_button_background":"#00badb","primary_button_text_color":"#ffffff","secondary_button_background":"#1e2d7d","secondary_button_text_color":"#ffffff","header_background":"#1e2d7d","header_text_color":"#ffffff","header_light_text_color":"#a3afef","header_accent_color":"#00badb","product_on_sale_accent":"#ee0000","product_in_stock_color":"#008a00","product_low_stock_color":"#ee0000","product_sold_out_color":"#8a9297","product_label_1_background":"#008a00","product_label_2_background":"#00a500","product_star_color":"#ffbd00","addzap":true,"zapicon":true,"imagezap":"shopify:\/\/shop_images\/super-oferta.png","numberzap":"5551984869182","titlezap":"Fale Conosco \n<span>\nO melhor suporte é com a Luky Ofertas!\n<\/span>","colorzap":"#ff7200","chatzap":"Olá, estou aqui para te ajudar!","digizap":"Digite sua mensagem...","base_text_font_size":16,"heading_font":"din_next_n5","text_font":"din_next_n4","underline_links":true,"animation_image_zoom":true,"search_mode":"product,article","show_vendor":true,"show_secondary_image":true,"product_price_position":"after_title","product_image_size":"natural","show_discount":true,"discount_mode":"saving","show_color_swatch":false,"show_inventory_quantity":false,"low_inventory_threshold":0,"show_reviews_badge":false,"cart_type":"drawer","cart_empty_button_link":"shopify:\/\/collections\/all","cart_show_free_shipping_threshold":false,"cart_free_shipping_threshold":"50","share_image":"","social_facebook":"","social_twitter":"","social_google_plus":"","social_pinterest":"","social_instagram":"","social_vimeo":"","social_tumblr":"","social_youtube":"","social_linkedin":"","social_snapchat":"","social_fancy":"","favicon":"","checkout_header_image":"","checkout_logo_image":"","checkout_logo_position":"left","checkout_logo_size":"medium","checkout_body_background_image":"","checkout_body_background_color":"#fff","checkout_input_background_color_mode":"white","checkout_sidebar_background_image":"","checkout_sidebar_background_color":"#fafafa","checkout_heading_font":"-apple-system, BlinkMacSystemFont, 'Segoe UI', Roboto, Helvetica, Arial, sans-serif, 'Apple Color Emoji', 'Segoe UI Emoji', 'Segoe UI Symbol'","checkout_body_font":"-apple-system, BlinkMacSystemFont, 'Segoe UI', Roboto, Helvetica, Arial, sans-serif, 'Apple Color Emoji', 'Segoe UI Emoji', 'Segoe UI Symbol'","checkout_accent_color":"#00badb","checkout_button_color":"#00badb","checkout_error_color":"#ff0000","sections":{"header":{"type":"header","settings":{"logo":"","logo_max_width":140,"mobile_logo_max_width":100,"navigation_menu":"main-menu","desktop_navigation_layout":"inline","desktop_navigation_open_trigger":"hover","navigation_phone_number":"Call us 000-000-0000","navigation_email":"info@yourwebsite.com","search_menu":""}},"footer":{"type":"footer","blocks":{"footer-0":{"type":"text","settings":{"title":"About the shop","content":"<p>Use this text area to tell your customers about your brand and vision. You can change it in the theme settings.<\/p>"}},"footer-1":{"type":"links","settings":{"menu":"footer"}},"footer-2":{"type":"newsletter","settings":{"title":"Newsletter","subheading":"<p>A short sentence describing what someone will receive by subscribing<\/p>"}}},"block_order":["footer-0","footer-1","footer-2"],"settings":{"show_social_media":true,"show_payment_icons":true}},"slideshow":{"type":"slideshow","blocks":{"slide-0":{"type":"image","settings":{"image":"","mobile_image":"","text_color":"#ffffff","title":"Tell your story","content":"Tell your story","content_position":"bottomLeft","button_background":"#ffffff","button_text_color":"#000000","button_text":"Button","link":""}},"slide-1":{"type":"image","settings":{"image":"","mobile_image":"","text_color":"#ffffff","title":"Tell your story","content":"Tell your story","content_position":"bottomLeft","button_background":"#ffffff","button_text_color":"#000000","button_text":"Button","link":""}}},"block_order":["slide-0","slide-1"],"settings":{"edge_to_edge":true,"section_size":"preserve_ratio","cycle_speed":5}},"collection-list":{"type":"collection-list","blocks":{"collection-0":{"type":"collection","settings":{"collection":"","image":""}},"collection-1":{"type":"collection","settings":{"collection":"","image":""}},"collection-2":{"type":"collection","settings":{"collection":"","image":""}},"collection-3":{"type":"collection","settings":{"collection":"","image":""}},"collection-4":{"type":"collection","settings":{"collection":"","image":""}},"collection-5":{"type":"collection","settings":{"collection":"","image":""}}},"block_order":["collection-0","collection-1","collection-2","collection-3","collection-4","collection-5"],"settings":{"title":"Our collections","link_title":"View all","link":"shopify:\/\/collections"}},"featured-product":{"type":"featured-product","settings":{"product":"","title":"Featured product","selector_mode":"block","color_mode":"color","zoom_effect":"outside","carousel_effect":"fade","low_inventory_threshold":0}},"collection-template":{"type":"collection-template","settings":{"collection_image_size":"small","default_view_layout":"grid","show_quick_buy":"list","show_quick_view":"list","quick_links":"","filter_type":"tag"}},"recently-viewed-products":{"type":"recently-viewed-products","settings":{"title":"Recently viewed"}},"product-template":{"type":"product-template","settings":{"selector_mode":"block","color_mode":"color","zoom_effect":"outside","carousel_effect":"fade","low_inventory_threshold":0,"tab_page_1_handle":"","tab_page_2_handle":"","tab_page_3_handle":"","custom_security_badge":""}},"product-recommendations":{"type":"product-recommendations","settings":{}},"announcement-bar":{"type":"announcement-bar","settings":{"text_color":"#ffffff","text":"Announce something here","newsletter_button":"Subscribe & Save","newsletter_title":"Newsletter","newsletter_content":"<p>A short sentence describing what someone will receive by subscribing<\/p>"}},"1542984811767":{"type":"featured-collection","settings":{"collection":"","title":"Featured collection","products_count":12,"layout":"vertical","link_title":"View all"}},"1542984842027":{"type":"newsletter","settings":{"title":"Newsletter","content":"<p>A short sentence describing what someone will receive by subscribing<\/p>"}},"1542984882560":{"type":"blog-posts","settings":{"blog":"news","title":"Blog posts"}}},"content_for_index":["slideshow","1542984811767","collection-list","1542984842027","featured-product","1542984882560"]},"Wood":{"heading_color":"#3a2a2f","text_color":"#3a2a2f","accent_color":"#ff6128","link_color":"#ff6128","border_color":"#e7e2de","background":"#f7f4f2","secondary_background":"#ffffff","error_color":"#f71b1b","success_color":"#48b448","primary_button_background":"#ff6128","primary_button_text_color":"#ffffff","secondary_button_background":"#3a2a2f","secondary_button_text_color":"#ffffff","header_background":"#3a2a2f","header_text_color":"#ffffff","header_light_text_color":"#e9e2dd","header_accent_color":"#ff6128","product_on_sale_accent":"#ee0000","product_in_stock_color":"#008a00","product_low_stock_color":"#ee0000","product_sold_out_color":"#d1d1d4","product_label_1_background":"#ff6128","product_label_2_background":"#a95ebe","product_star_color":"#ffb647","base_text_font_size":15,"heading_font":"itc_avant_garde_gothic_n5","text_font":"basic_commercial_n4","underline_links":true,"animation_image_zoom":true,"search_mode":"product,article,page","show_vendor":true,"show_secondary_image":true,"show_discount":true,"discount_mode":"percentage","product_price_position":"after_title","product_image_size":"square","show_color_swatch":false,"show_inventory_quantity":true,"low_inventory_threshold":1,"show_reviews_badge":false,"cart_type":"drawer","cart_empty_button_link":"shopify:\/\/collections\/all","cart_show_free_shipping_threshold":true,"cart_free_shipping_threshold":"50","checkout_logo_position":"center","checkout_logo_size":"medium","checkout_body_background_image":"","checkout_body_background_color":"#fff","checkout_input_background_color_mode":"white","checkout_sidebar_background_image":"","checkout_sidebar_background_color":"#f7f4f2","checkout_heading_font":"-apple-system, BlinkMacSystemFont, 'Segoe UI', Roboto, Helvetica, Arial, sans-serif, 'Apple Color Emoji', 'Segoe UI Emoji', 'Segoe UI Symbol'","checkout_body_font":"-apple-system, BlinkMacSystemFont, 'Segoe UI', Roboto, Helvetica, Arial, sans-serif, 'Apple Color Emoji', 'Segoe UI Emoji', 'Segoe UI Symbol'","checkout_accent_color":"#ff6128","checkout_button_color":"#ff6128","checkout_error_color":"#f71b1b","sections":{"header":{"type":"header","settings":{"logo":"","logo_max_width":140,"mobile_logo_max_width":100,"navigation_menu":"main-menu","desktop_navigation_layout":"inline","desktop_navigation_open_trigger":"hover","navigation_phone_number":"Call us 000-000-0000","navigation_email":"info@yourwebsite.com","search_menu":""}},"footer":{"type":"footer","blocks":{"footer-0":{"type":"text","settings":{"title":"About the shop","content":"<p>Use this text area to tell your customers about your brand and vision. You can change it in the theme settings.<\/p>"}},"footer-1":{"type":"links","settings":{"menu":"footer"}},"footer-2":{"type":"newsletter","settings":{"title":"Newsletter","subheading":"<p>A short sentence describing what someone will receive by subscribing<\/p>"}}},"block_order":["footer-0","footer-1","footer-2"],"settings":{"show_social_media":true,"show_payment_icons":true}},"slideshow":{"type":"slideshow","blocks":{"slide-0":{"type":"image","settings":{"image":"","mobile_image":"","text_color":"#ffffff","title":"Tell your story","content":"Tell your story","content_position":"bottomLeft","button_background":"#ffffff","button_text_color":"#000000","button_text":"Button","link":""}},"slide-1":{"type":"image","settings":{"image":"","mobile_image":"","text_color":"#ffffff","title":"Tell your story","content":"Tell your story","content_position":"bottomLeft","button_background":"#ffffff","button_text_color":"#000000","button_text":"Button","link":""}}},"block_order":["slide-0","slide-1"],"settings":{"edge_to_edge":true,"section_size":"preserve_ratio","cycle_speed":5}},"collection-list":{"type":"collection-list","blocks":{"collection-0":{"type":"collection","settings":{"collection":"","image":""}},"collection-1":{"type":"collection","settings":{"collection":"","image":""}},"collection-2":{"type":"collection","settings":{"collection":"","image":""}},"collection-3":{"type":"collection","settings":{"collection":"","image":""}},"collection-4":{"type":"collection","settings":{"collection":"","image":""}},"collection-5":{"type":"collection","settings":{"collection":"","image":""}}},"block_order":["collection-0","collection-1","collection-2","collection-3","collection-4","collection-5"],"settings":{"title":"Our collections","link_title":"View all","link":"shopify:\/\/collections"}},"collection-template":{"type":"collection-template","settings":{"collection_image_size":"small","default_view_layout":"grid","show_quick_buy":"list","show_quick_view":"list","quick_links":"","filter_type":"tag"}},"recently-viewed-products":{"type":"recently-viewed-products","settings":{"title":"Recently viewed"}},"product-template":{"type":"product-template","settings":{"selector_mode":"block","color_mode":"color","zoom_effect":"outside","carousel_effect":"fade","low_inventory_threshold":0,"tab_page_1_handle":"","tab_page_2_handle":"","tab_page_3_handle":"","custom_security_badge":""}},"product-recommendations":{"type":"product-recommendations","settings":{}},"announcement-bar":{"type":"announcement-bar","settings":{"text_color":"#ffffff","text":"Announce something here","newsletter_button":"Subscribe & Save","newsletter_title":"Newsletter","newsletter_content":"<p>A short sentence describing what someone will receive by subscribing<\/p>"}},"1542984811767":{"type":"featured-collection","settings":{"collection":"","title":"Featured collection","products_count":12,"layout":"vertical","link_title":"View all"}},"1550833441117":{"type":"collection-with-image","settings":{"collection":"","products_count":12,"image":"","text_color":"#ffffff","title":"Our best sellers","content":"Shop our most popular products for this season.","button_background":"#e95d2b","button_text_color":"#ffffff","button_text":"Learn more","button_link":""}},"1555314133560":{"type":"promotion-list","blocks":{"1555314133560-0":{"type":"item","settings":{"image":"","show_overlay":false,"stretch_image":false,"background":"#6f42ef","text_color":"#ffffff","title":"Your heading","content":"Tell more about your product, collection...","button_background":"#ffffff","button_text_color":"#6f42ef","button_text":"Learn more","button_link":""}},"1555314133560-1":{"type":"item","settings":{"image":"","show_overlay":false,"stretch_image":false,"background":"#fc2a68","text_color":"#ffffff","title":"Your heading","content":"Tell more about your product, collection...","button_background":"#ffffff","button_text_color":"#fc2a68","button_text":"Learn more","button_link":""}},"1555314133560-2":{"type":"item","settings":{"image":"","show_overlay":false,"stretch_image":false,"background":"#26c1ce","text_color":"#ffffff","title":"Your heading","content":"Tell more about your product, collection...","button_background":"#ffffff","button_text_color":"#26c1ce","button_text":"Learn more","button_link":""}}},"block_order":["1555314133560-0","1555314133560-1","1555314133560-2"],"settings":{"expand_items":false,"section_size":"medium","stack_mobile":false}},"1542984882560":{"type":"blog-posts","settings":{"blog":"news","title":"Blog posts"}}},"content_for_index":["slideshow","1542984811767","1555314133560","collection-list","1550833441117","1542984882560"]}}}