{"current":{"btn_bg_color":"#2301ff","destaque":"#0033c6","price_txt":"#0af31a","color_sale_text":"#c75000","label_recomendados":"#edcc75","label_recomendados_cor_texto":"#FFF","label_recomendados_texto":"QUEIMA DE ESTOQUE","modal_cart_color_button":"#0af31a","modal_cart_color_button_hover":"#ff6701","type_header_font":"poppins_n4","type_base_font":"poppins_n4","social_facebook_link":"https:\/\/www.facebook.com\/","social_instagram_link":"https:\/\/www.instagram.com\/","social_tiktok_link":"https:\/\/www.tiktok.com\/","social_pinterest_link":"","social_kwai_link":"","favicon":"shopify:\/\/shop_images\/logo.png","enable_exit_popup":true,"taxa_segunda_parcela":"4.59","cookie_content":"","cookie_privacy":"","cookie_privacy_url":"","cookie_accept_btn":"","btn_color":"#c75000","btn_color_hover":"#ff6701","facebook_pixel_id_astron_1":"","license_key":"F2692EC9-D21C-4D8A-9B97-767F2C0DE74F","show_installments_text":true,"sections":{"header-2":{"type":"header-2","blocks":{"df21ee52-24a0-4836-842f-c28d4d57051c":{"type":"text","settings":{"text_top_row":"Landing Page","link_top_row":"shopify:\/\/pages\/landing-page-chat-gpt"}},"ee71ce01-bf7f-492f-a882-1f5117b09051":{"type":"text","settings":{"text_top_row":"Atendimento","link_top_row":"shopify:\/\/pages\/contact"}},"7d45515e-456b-43bc-882e-2a5f680b6ab3":{"type":"text","settings":{"text_top_row":"Compre via Whatsapp","link_top_row":"https:\/\/api.whatsapp.com\/send?phone=5548991344572&text=Ol%C3%A1%20vim%20da%20sua%20loja!%20%20%3E%20Link%20do%20produto:%20https:\/\/shopify.astronecom.com"}},"c92c8950-3b50-47f5-8603-68ad8620ed32":{"type":"text","settings":{"text_top_row":"Rastreio de pedido","link_top_row":""}}},"block_order":["df21ee52-24a0-4836-842f-c28d4d57051c","ee71ce01-bf7f-492f-a882-1f5117b09051","7d45515e-456b-43bc-882e-2a5f680b6ab3","c92c8950-3b50-47f5-8603-68ad8620ed32"],"settings":{"logo":"shopify:\/\/shop_images\/1_64e4fa9c-fa67-4bc5-a3a3-9f80f3c23559.png","centered_mobile_logo":true,"logo_max_width":135,"logo_max_width_mobile":100,"logo_top_distance_mobile":28,"main_linklist":"main-menu","main_linklist_mobile":"main-menu","active_drawer":true,"active_drawer_mobile":true,"main_item_menu":"Departamentos","active_search_input":true,"active_bar":true,"background1":"#0af31a","background2":"#ff6701","background3":"#902ca7","background4":"#ec2ee9","header_background_color":"#7f46ff","header_background_text":"#ffffff","header_background_secundary_color":"#ffffff","header_background_secundary_color_text":"#000000","button_background_mobile":"#51a559","button_background_mobile_text":"#ffffff","show_top_row":true,"align_top_row":"center","sticky":"Disable","show_tracking":true,"text_tracking":"Rastrear pedido","link_tracking":"shopify:\/\/pages\/rastreie-seu-pedido","tracking_color":"#ffffff","text_tracking_color":"#ffffff","text_tracking_size":20}},"newsletter-2":{"type":"newsletter-2","settings":{"enable_section_newsletter":true,"newsletter_footer_title":"Cadastre-se e receba nossas ofertas","newsletter_primary_color":"#7f46ff","newsletter_secondary_color":"#000000","newsletter_primary_font_color":"#ffffff"}},"footer-astron":{"type":"footer-astron","blocks":{"dcee7049-e7a1-43ca-b80d-e31cb954c590":{"type":"richtext","settings":{"logo_width_1":150,"description":"O dropshipping está se transformando. Junte-se à revolução e tenha acesso em primeira mão ao tema exclusivo que fará os próximos milionários do mercado."}},"c16308e6-5227-4c2f-bd8b-03d22bfa4211":{"type":"text","settings":{"show_information_1":true,"title_1":"Atendimento","information_1":"Segunda à sexta, 8h às 18h - Horário de brasília","show_information_2":true,"title_2":"Endereço","information_2":"Rodovia Francisco Thomas dos Santos, Nº 665, Morro das Pedras, Florianópolis - SC"}},"4604e343-3f21-474a-81a7-989199011d05":{"type":"link_list","settings":{"title":"Institucional","menu":"main-menu"}}},"block_order":["dcee7049-e7a1-43ca-b80d-e31cb954c590","c16308e6-5227-4c2f-bd8b-03d22bfa4211","4604e343-3f21-474a-81a7-989199011d05"],"settings":{"information_business":"Astron Ecom LTDA CNPJ: 00.000.000\/0000-0 | Morro das Pedras, Florianópolis - SC © 2022, Astron Store. Todos os direitos reservados.","show_stamps":true,"stamps_height":32,"footer_primary_color":"#eaeaea","footer_primary_font_color":"#999999","footer_secondary_color":"#ffffff","footer_secondary_font_color":"#4b4b4b","title_social_media":"Mídias Sociais","social_media_black_color":true,"title_payments":"Formas de pagamento","payments_methods_active":true,"card-sizes":40,"card-visa":"Visa","card-master":"MasterCard","card-amex":"Amex","card-elo":"ELO","boleto":"Boleto","pix":"Pix","referral":true,"referral_link":"","contact_number_ddi":"55","contact_number":"(62) 99999-9999","contact_number_text":"Olá vim da sua loja!","send_link_product_whats":true,"contact_mail":"contato@sualoja.com"}},"166200426557007882":{"type":"slideshow","blocks":{"166200426557007882-0":{"type":"image","settings":{"image":"shopify:\/\/shop_images\/Slide_Desktop_6705e100-cf08-4595-abf5-b4e2b68b523f.png","banner_reduced":false,"image_mobile":"shopify:\/\/shop_images\/Slide_Mobile_20eb4091-91a8-49f1-8065-baccf486c6f7.png","alignment":"center center","slide_title":"","subheading":"","text_align":"text_center","font_color":"","button_link":"shopify:\/\/pages\/landing-page-2"}},"50bc8870-f46c-4594-af72-5c21ecbd2d36":{"type":"image","settings":{"image":"shopify:\/\/shop_images\/SLDE_6b763ab3-70d3-411e-b8a6-ffc134638d83.png","banner_reduced":false,"image_mobile":"shopify:\/\/shop_images\/mOBILE_3bafcb96-a509-44bf-b48a-055fd692e862.png","alignment":"center center","slide_title":"","subheading":"","text_align":"text_center","font_color":"","button_link":"shopify:\/\/pages\/landing-page-chat-gpt"}},"166200426557007882-1":{"type":"image","disabled":true,"settings":{"image":"shopify:\/\/shop_images\/Slide_2_22e7fd6b-4581-4c52-8b1d-d6dc883ec331.png","banner_reduced":false,"image_mobile":"shopify:\/\/shop_images\/Slide_2_mobile_59e68277-01f0-4c3d-b9b3-69a2102cfb92.png","alignment":"center center","slide_title":"","subheading":"","text_align":"text_center","font_color":"","button_link":"shopify:\/\/products\/chinelo"}}},"block_order":["166200426557007882-0","50bc8870-f46c-4594-af72-5c21ecbd2d36","166200426557007882-1"],"settings":{"slideshow_height":"adapt","text_size":"medium","show_overlay":false,"autorotate":true,"autorotate_speed":3}},"crossell-product":{"type":"crossell-product","settings":{"title":"Quem comprou, comprou também","upsell_collection":"ferramentas","add_cart_show":true,"swatch_image":true}},"top-bar":{"type":"top-bar","settings":{"digit_annoucement_bar":false,"background1":"#1e2d7d","background2":"#000000","text_color":"#ffffff","mostraricone":true,"tracking_color":"#ffffff","text":"FRETE GRÁTIS PARA TODO O BRASIL","message":true,"home_page_only":false,"color_bg":"#ffd95c","show_desktop":true,"img_desktop":"shopify:\/\/shop_images\/Barra_do_topo_bde110de-1dc1-4a9b-8168-67d3bcacd797.png","zoom_desktop":22,"fill_banner":false,"show_mobile":true,"img_mobile":"shopify:\/\/shop_images\/Copia_de_Barra_do_topo_mobile.png","zoom_mobile":26,"fill_banner_mobile":false}},"1662442202064c934e":{"type":"service_icon_text","blocks":{"2a9135fb-5642-47c4-8c37-cf60d7743f31":{"type":"service_content","settings":{"image":"shopify:\/\/shop_images\/entrega-rapida.png","title":"Frete Grátis","content":"Nosso envio é grátis para todo o Brasil"}},"24f46e59-41ff-4e3f-b291-88a35ae2b39b":{"type":"service_content","settings":{"image":"shopify:\/\/shop_images\/forma-de-pagamento.png","title":"Pagamento Seguro","content":"Ambiente fortemente seguro para pagamentos"}},"076ca1ac-c61f-4776-a9bb-2f3b60f23683":{"type":"service_content","settings":{"image":"shopify:\/\/shop_images\/loja-oficial.png","title":"Loja oficial","content":"Registrada e com certificado SSL."}},"54ed74c8-cc62-48a3-a40b-7e076eda82b1":{"type":"service_content","settings":{"image":"shopify:\/\/shop_images\/whatsapp.png","title":"Atendimento via WhatsApp","content":"Segunda á sexta 9h às 18h."}}},"block_order":["2a9135fb-5642-47c4-8c37-cf60d7743f31","24f46e59-41ff-4e3f-b291-88a35ae2b39b","076ca1ac-c61f-4776-a9bb-2f3b60f23683","54ed74c8-cc62-48a3-a40b-7e076eda82b1"],"settings":{}},"cart-template-astron":{"type":"cart-template-astron","settings":{"enable_simulator_ship":true,"title_simulator_ship":"Calcular frete e prazo de entrega","button_simulator_ship":"Calcular","price_simulator_ship":"R$29,99","first_date":9,"interval_date":5,"color_one_cart":"#0033c6","color_two_cart":"#3a3a3a","color_three_cart":"#36f753","color_for_cart":"#b2b2b2","color_five_cart":"#f2f2f2"}},"1662614995860fa57d":{"type":"home_bestsellers","settings":{"title":"MAIS VENDIDOS","short_desc":"Exemplo de descrição, Adicione aqui sua descrição!","collection":"mais-vendidos","grid":4,"rows":1,"add_cart_show":false,"show_vendor":false,"show_view_all":true,"withshadows":true}},"about-image-blog":{"type":"about-image-blog","settings":{}},"16626025851c6ee3e3":{"type":"home_collection_icons","blocks":{"0179dc81-cadc-4f6d-ae09-d76397bc03b7":{"type":"collection_list","settings":{"image_collection":"shopify:\/\/shop_images\/1_1d09f4a4-cf6e-46d2-a14e-399e55e36995.png","title_collection":"Jogos","link_collection":"shopify:\/\/collections\/beleza-e-saude"}},"95a50f2e-3c1e-4b63-b662-e31ad8cf3ac9":{"type":"collection_list","settings":{"image_collection":"shopify:\/\/shop_images\/2_1699dbf8-29c8-45c7-a06e-be3bf25f3d21.png","title_collection":"Beleza e saúde","link_collection":"shopify:\/\/collections\/mais-vendidos"}},"a052c586-95e4-4c93-b27f-9e11ac140769":{"type":"collection_list","settings":{"image_collection":"shopify:\/\/shop_images\/3_0bf2cdb2-8e6f-4c01-87b2-cdbf118a6759.png","title_collection":"Smartwatches","link_collection":"shopify:\/\/collections\/colecao-tutorial"}},"88ee79a3-3c1f-44f7-b22e-42527cfe3e92":{"type":"collection_list","settings":{"image_collection":"shopify:\/\/shop_images\/4_91abf024-7975-4893-8ef8-6485e83d9882.png","title_collection":"Utensílios","link_collection":""}},"d53cd491-ecc2-4ff0-b203-2564943ad4c2":{"type":"collection_list","settings":{"image_collection":"shopify:\/\/shop_images\/5_96075162-9bdf-4951-9791-ad7d74235fbf.png","title_collection":"Animais","link_collection":""}},"26abcb88-da23-430b-b259-27f98efd6c2a":{"type":"collection_list","settings":{"image_collection":"shopify:\/\/shop_images\/6_b908133b-37d4-4c90-aee3-cc1c46012f45.png","title_collection":"Brinquedos","link_collection":""}},"9c90576a-15a5-4425-9d04-8e92ee5ff869":{"type":"collection_list","settings":{"image_collection":"shopify:\/\/shop_images\/7_411e266d-be43-499d-9053-34b6ba4c7caf.png","title_collection":"Gestantes","link_collection":""}},"6e7936a8-0811-4289-9249-f9f501260651":{"type":"collection_list","disabled":true,"settings":{"image_collection":"shopify:\/\/shop_images\/Copia_de_colecoes.psd.png","title_collection":"Mais vendidos","link_collection":""}}},"block_order":["0179dc81-cadc-4f6d-ae09-d76397bc03b7","95a50f2e-3c1e-4b63-b662-e31ad8cf3ac9","a052c586-95e4-4c93-b27f-9e11ac140769","88ee79a3-3c1f-44f7-b22e-42527cfe3e92","d53cd491-ecc2-4ff0-b203-2564943ad4c2","26abcb88-da23-430b-b259-27f98efd6c2a","9c90576a-15a5-4425-9d04-8e92ee5ff869","6e7936a8-0811-4289-9249-f9f501260651"],"settings":{"title_section":"","show_names_collection_mobile":false,"show_names_collection_desktop":true,"margin_block":0,"number_columns":7,"gap_columns":20,"number_columns_mobile":3,"gap_columns_mobile":10,"bg_color":"#ffffff","border_color":"#ff7d06","text_color":"#000000","bg_button":"#030303","text_button":"#ffffff","text_font_size":14,"text_font_size_mobile":11,"border_size":3}},"popup-saida":{"type":"popup-saida","settings":{"img_popup_saida":"shopify:\/\/shop_images\/IMG.png","qtq_show_popup_astron":3,"cabecalho_popup_saida":"SÓ AGORA!","titulo_desconto_popup_saida":"15% OFF","rodape_popup_saida":"Cupom especial para você levar o que mais deseja, hoje!","codigo_popup_saida":"EXEMPLO15","botao_popup_texto":"Inovação Astron!","color1":"#00a2ff","color2":"#000000","color3":"#ffffff"}},"16620042729191e4fd":{"type":"collection","settings":{"enable_slider":true,"title":"Coleção em destaque","collection":"beleza-e-saude","grid":5,"rows":1,"show_vendor":false,"add_cart_show":false,"show_view_all":true,"withshadows":true}},"landing_page_astron":{"type":"landing_page_astron","blocks":{"6c000f11-ce33-4eaf-a959-3cbd66f013f6":{"type":"video","settings":{"video_titulo":"Escreva o que quiser aqui","video_titulo_cor":"#000000","video_subtitulo":"Detalhe sua oferta","video_subtitulo_cor":"#4e4e4e","video_cor_fundo":"#fdf4cc","video_url":"https:\/\/www.youtube.com\/watch?v=eM_T-qVck8M","video_size":650,"enable_shadow":true,"enable_radius":true,"enable_max_video":true,"enable_box_button":true}},"e184fdbd-703f-4e92-bf37-563ac4855a16":{"type":"topo","settings":{"topo":"DESCUBRA O PODER DO SUTIÃ CORRETOR DE POSTURA","topo_titulo_cor":"#000000","topo_subtitulo":"A TECNOLOGIA QUE DEVOLVE SEU BEM-ESTAR EM POUCOS DIAS DE USO","topo_subtitulo_cor":"#000000","topo_icones_cor":"#000000","topo_cor_fundo":"#ffffff","topo_img":"shopify:\/\/shop_images\/Imagem_1.png","enable_box_button":true,"topo_invertido":false,"topo_item_01":"Uso confortável","topo_item_02":"Imperceptível quando usado embaixo de suas roupas","topo_item_03":"Auxilia a melhorar sua postura e elevação dos seios","topo_item_04":"Ajustes que permitem que o produto se adapte facilmente ao seu tipo físico.","topo_item_05":"Correção da coluna e músculos"}},"19ab7760-2dac-4426-a1f0-5bd5320581ab":{"type":"beneficios","settings":{"beneficios_titulo":"Melhore sua postura","beneficios_titulo_cor":"#161873","beneficios_subtitulo":"Benefícios como: correção da coluna e músculos a retornarem ao seu alinhamento natural; alivia a tensão muscular no pescoço, ombros e dores nas costas; elevação e firmamento dos seios; discreto, é possível usar em baixo das roupas.","beneficios_subtitulo_cor":"#000000","enable_box_button":false,"beneficios_box_01_imagem":"shopify:\/\/shop_images\/Ajusta_a_postura.png","beneficios_box_01_titulo":"AJUSTE A POSTURA","beneficios_box_01_titulo_cor":"#161873","beneficios_box_01_subtitulo":"A postura correta melhora a qualidade de vida porque diminui a dor nas costas, aumenta a autoestima e ainda diminui o volume da barriga porque reposiciona a gordura localizada.","beneficios_box_01_subtitulo_cor":"#000000","beneficios_box_02_imagem":"shopify:\/\/shop_images\/Confortavel.png","beneficios_box_02_titulo":"CONFORTÁVEL","beneficios_box_02_titulo_cor":"#161873","beneficios_box_02_subtitulo":"Pode usar no dia a dia sem nenhum  incômodo ou preocupação de não se acostumar, vai sentir um conforto muito maior do que os sutiãs tradicionais.","beneficios_box_02_subtitulo_cor":"#000000","beneficios_box_03_imagem":"shopify:\/\/shop_images\/Extremamente_seguro.png","beneficios_box_03_titulo":"EXTREMAMENTE SEGURO","beneficios_box_03_titulo_cor":"#161873","beneficios_box_03_subtitulo":"Não irá rasgar ou soltar sozinho, por possuir mais partes de encaixetem uma garantia de qualidade muito maior e vai durar por muitos anos.","beneficios_box_03_subtitulo_cor":"#000000","beneficios_box_04_titulo":"","beneficios_box_04_titulo_cor":"#000000","beneficios_box_04_subtitulo":"","beneficios_box_04_subtitulo_cor":"#000000","beneficios_box_05_titulo":"","beneficios_box_05_titulo_cor":"#000000","beneficios_box_05_subtitulo":"","beneficios_box_05_subtitulo_cor":"#000000","beneficios_box_06_titulo":"","beneficios_box_06_titulo_cor":"#000000","beneficios_box_06_subtitulo":"","beneficios_box_06_subtitulo_cor":"#000000"}},"bbc52cca-3406-4383-96aa-c0b88fab81b1":{"type":"garantia","settings":{"garantia_titulo":"Garantia","garantia_titulo_cor":"#3c33b1","garantia_subtitulo":"","garantia_subtitulo_cor":"#000000","garantia_icones_cor":"#3c33b1","garantia_cor_fundo":"#f1f1f1","enable_box_button":true,"garantia_alinhamento":true,"garantia_bloco_cor_texto":"#333232","garantia_bloco_01_texto":"Os melhores produtos com garantia de satisfação.","garantia_bloco_02_texto":"Reembolso garantido.","garantia_bloco_03_texto":"Equipe de suporte especializada, sempre pronta para lhe atender.","garantia_bloco_04_texto":"Produtos únicos, personalizados com base em pedidos de nossos clientes.","garantia_bloco_05_texto":""}},"8933476e-f06e-46f1-994f-dd087dd5bf72":{"type":"depoimentos","settings":{"depoimentos_titulo_acima":"DEPOIMENTOS","depoimentos_titulo":"O que os clientes dizem","depoimentos_titulo_cor":"#0af31a","depoimentos_subtitulo":"Atribuímos um grande valor a relacionamentos sólidos e vimos os benefícios que eles trazem para o nosso negócio. O feedback do cliente é vital para nos ajudar a acertar.","depoimentos_subtitulo_cor":"#000000","enable_box_button":false,"depoimentos_box_cor":"#f2f2f2","depoimentos_box_cor_borda":"#ffffff","depoimentos_box_01_imagem":"shopify:\/\/shop_images\/Feedback_1.png","depoimentos_box_01_depoimento":"Encontrei a Astron por um acaso, em uma busca pela Internet. Efetuei a primeira compra e recebi meus produtos no prazo combinado. Aprovado!","depoimentos_box_01_nome":"Maria ALICE","depoimentos_box_01_nome_cor":"#0af31a","depoimentos_box_01_descricao":"Gerente de E-commerce","depoimentos_box_01_descricao_cor":"#000000","depoimentos_box_02_imagem":"shopify:\/\/shop_images\/Feedback_3.png","depoimentos_box_02_depoimento":"Indico fortemente a Astron! Sempre que precisei, fui bem atendido. E Parabéns pelo novo site, muito mais dinâmico e fácil de navegar!","depoimentos_box_02_nome":"FERNANDA TAVARES","depoimentos_box_02_nome_cor":"#ff6701","depoimentos_box_02_descricao":"Analista de Sistemas","depoimentos_box_02_descricao_cor":"#000000","depoimentos_box_03_imagem":"shopify:\/\/shop_images\/Feedback_2.png","depoimentos_box_03_depoimento":"Gostaria de parabenizar a empresa pela agilidade, competência e comprometimento com os interesses dos clientes. Gostei muito do resultado final. Um abraço.","depoimentos_box_03_nome":"GABRIELLA SANTOS","depoimentos_box_03_nome_cor":"#000000","depoimentos_box_03_descricao":"Vendedora","depoimentos_box_03_descricao_cor":"#000000","depoimentos_box_04_depoimento":"","depoimentos_box_04_nome":"","depoimentos_box_04_nome_cor":"#000000","depoimentos_box_04_descricao":"","depoimentos_box_04_descricao_cor":"#000000","depoimentos_box_05_depoimento":"","depoimentos_box_05_nome":"","depoimentos_box_05_nome_cor":"#000000","depoimentos_box_05_descricao":"","depoimentos_box_05_descricao_cor":"#000000","depoimentos_box_06_depoimento":"","depoimentos_box_06_nome":"","depoimentos_box_06_nome_cor":"#000000","depoimentos_box_06_descricao":"","depoimentos_box_06_descricao_cor":"#000000"}},"ff71c024-0fd9-4843-abe4-6ac8f5ca426c":{"type":"pacotes","settings":{"pacotes_titulo":"COMPRE AGORA PACOTES ESPECIAIS!","pacotes_titulo_cor":"#83421d","pacotes_bg_cor":"#fdf4cc","pacotes_bg_box_cor":"#ffffff","pacotes_box_cor_borda":"","pacotes_botao_destaque_cor":"#cbf1e8","pacotes_botao_destaque_cor_txt":"#388678","pacotes_rodape_txt":"CONQUISTE UMA POSTURA INCRÍVEL ENQUANTO VOCÊ FAZ SUA ROTINA NORMAL, USE CINTA MODELADORA","pacotes_rodape_txt_cor":"#83421d","pacotes_rodape_img":"shopify:\/\/shop_images\/Selos_de_seguranca.png","enable_box_button":true,"pacotes_box_01_img":"shopify:\/\/shop_images\/1_b247227e-bec4-4788-995b-e87c77b149d4.png","pacotes_box_01_txt_destaque":"Promoção","pacotes_box_01_txt_sub_destaque":"1 UNIDADE","pacotes_box_01_txt_destaque_cor":"#f46c15","pacotes_box_01_txt_cor":"#6d320d","pacotes_box_01_txt_botao_destaque":"Frete grátis","pacotes_box_01_txt_destaque_secundario":"R$ 129,90","pacotes_box_01_txt_sub_destaque_secundario":"ou R$ 119,90 à vista","pacotes_box_01_botao_comprar":"Comprar","pacotes_box_01_botao_comprar_cor":"#f46c15","pacotes_box_01_botao_comprar_link":"","pacotes_box_02_img":"shopify:\/\/shop_images\/2_cc10a588-26bd-4347-93d9-b70159305443.png","pacotes_box_02_txt_destaque":"Mais Vendido!","pacotes_box_02_txt_sub_destaque":"2 UNIDADES","pacotes_box_02_txt_destaque_cor":"#f46c15","pacotes_box_02_txt_cor":"#6d320d","pacotes_box_02_txt_botao_destaque":"Frete grátis","pacotes_box_02_txt_destaque_secundario":"R$ 229,90","pacotes_box_02_txt_sub_destaque_secundario":"ou R$ 199,90 à vista","pacotes_box_02_botao_comprar":"Comprar","pacotes_box_02_botao_comprar_cor":"#f46c15","pacotes_box_02_botao_comprar_link":"","pacotes_box_03_img":"shopify:\/\/shop_images\/3_ceeb5dfc-ad3c-459b-b233-393818867cdd.png","pacotes_box_03_txt_destaque":"Oferta Exclusiva!","pacotes_box_03_txt_sub_destaque":"3 UNIDADES","pacotes_box_03_txt_destaque_cor":"#f46c15","pacotes_box_03_txt_cor":"#6d320d","pacotes_box_03_txt_botao_destaque":"Frete grátis","pacotes_box_03_txt_destaque_secundario":"R$ 299,90","pacotes_box_03_txt_sub_destaque_secundario":"ou R$ 279,90 à vista","pacotes_box_03_botao_comprar":"Comprar","pacotes_box_03_botao_comprar_cor":"#f46c15","pacotes_box_03_botao_comprar_link":"","pacotes_box_04_txt_destaque":"","pacotes_box_04_txt_sub_destaque":"","pacotes_box_04_txt_destaque_cor":"","pacotes_box_04_txt_cor":"","pacotes_box_04_txt_botao_destaque":"","pacotes_box_04_txt_destaque_secundario":"","pacotes_box_04_txt_sub_destaque_secundario":"","pacotes_box_04_botao_comprar":"","pacotes_box_04_botao_comprar_cor":"#cccccc","pacotes_box_04_botao_comprar_link":"","pacotes_box_05_txt_destaque":"","pacotes_box_05_txt_sub_destaque":"","pacotes_box_05_txt_destaque_cor":"","pacotes_box_05_txt_cor":"","pacotes_box_05_txt_botao_destaque":"","pacotes_box_05_txt_destaque_secundario":"","pacotes_box_05_txt_sub_destaque_secundario":"","pacotes_box_05_botao_comprar":"Comprar","pacotes_box_05_botao_comprar_cor":"#cccccc","pacotes_box_05_botao_comprar_link":"","pacotes_box_06_txt_destaque":"","pacotes_box_06_txt_sub_destaque":"","pacotes_box_06_txt_destaque_cor":"","pacotes_box_06_txt_cor":"","pacotes_box_06_txt_botao_destaque":"","pacotes_box_06_txt_destaque_secundario":"","pacotes_box_06_txt_sub_destaque_secundario":"","pacotes_box_06_botao_comprar":"","pacotes_box_06_botao_comprar_cor":"#cccccc","pacotes_box_06_botao_comprar_link":""}},"3982420a-6bf9-4043-9ee3-17a77f3d08f4":{"type":"duvidas","settings":{"duvidas_titulo":"Dúvidas frequentes","duvidas_titulo_cor":"#000000","enable_box_button":true,"duvidas_accordion_titulo_bg_cor":"#f46c15","duvidas_accordion_titulo_bg_cor_hover":"#000000","duvidas_accordion_titulo_cor_txt":"#ffffff","duvidas_accordion_cor_txt":"#000000","duvidas_accordion_01_titulo_txt":"COMO FAÇO PARA COMPRAR?","duvidas_accordion_01_txt":"Escolha um kit a cima e clique no botão de comprar","duvidas_accordion_02_titulo_txt":"COMO VOU RECEBER?","duvidas_accordion_02_txt":"A entrega será feita via correios de 5 a 15 dias úteis.","duvidas_accordion_03_titulo_txt":"ESSE SITE É SEGURO?","duvidas_accordion_03_txt":"Sim, 100% seguro SOMOS REVENDEDORES OFICIAIS, Utilizamos a forma de revenda, nossa empresa compra por grande quantidade do fabricante e repassa ao preço mais acessível, fiquem atentos, valores abaixo do que estamos vendemos não é confiável, pois podem ser replicas.","duvidas_accordion_04_titulo_txt":"QUANTO TEMPO PARA O SUTIÃ FAZER EFEITO?","duvidas_accordion_04_txt":"É recomendando o uso por 3 meses consecutivos para obter os melhores resultados. No entanto, há relato de pessoas que já sentem uma boa diferença entre a 2 e 4 semanas.","duvidas_accordion_05_titulo_txt":"COMO DEVO UTILIZAR O SUTIÃ CORRETOR?","duvidas_accordion_05_txt":"O recomendado é usar todos os dias em substituição ao convencional.","duvidas_accordion_06_titulo_txt":"","duvidas_accordion_06_txt":"","duvidas_accordion_07_titulo_txt":"","duvidas_accordion_07_txt":"","duvidas_accordion_08_titulo_txt":"","duvidas_accordion_08_txt":"","duvidas_accordion_09_titulo_txt":"","duvidas_accordion_09_txt":"","duvidas_accordion_10_titulo_txt":"","duvidas_accordion_10_txt":""}},"83980cb7-5895-4c63-a08a-6214a4b8a85a":{"type":"atendimento","settings":{"atendimento_bg":"#f2f2f2","atendimento_titulo":"QUER FALAR COM UMA DE NOSSAS ATENDENTES?","atendimento_titulo_cor":"#000000","atendimento_subtitulo":"Se você possui dúvidas e quer falar direto com uma de nossas consultoras, disponibilizamos um Whatsapp Exclusivo. Para acessar clique no botão abaixo.","atendimento_subtitulo_cor":"#000000","enable_box_button":true,"whatsapp-button-text":"Compre via WhatsApp","whatsapp-button-color":"#25d366","whatsapp-button-text-color":"#ffffff","whatsapp-button-icon-color":"#38c66d","whatsapp-button-online-color-text":"#ffffff","whatsapp-button-online-color":"#54cd81","whats-name":"Maria Clara","whatsapp-phone-text":"66999999999","new_tab_whatsapp":true,"whats_left_center":"center","whats_border":"#bdefc3","descwhats":"Gostaria de mais informações!"}},"2b090201-308b-4db3-8fe4-716c34373bb8":{"type":"rodape","settings":{"rodape_bg":"#ffffff","rodape_colors_txt_coluna":"#ac4b1f","rodape_colors_txt":"#212121","rodape_colors_icons":"#161616","rodape_img_destaque":"shopify:\/\/shop_images\/Favicon.png","rodape_nome_item_01":"Links","rodape_link_01":"shopify:\/\/pages\/politica-de-privacidade-e-termos","rodape_link_01_txt":"Aviso legal","rodape_link_02":"shopify:\/\/pages\/rastreie-seu-pedido","rodape_link_02_txt":"Rastrear pedido","rodape_link_03":"shopify:\/\/pages\/politica-de-privacidade-e-termos","rodape_link_03_txt":"Políticas de privacidade","rodape_link_04":"shopify:\/\/pages\/politica-de-privacidade-e-termos-1","rodape_link_04_txt":"Termos e condições","rodape_link_05":"","rodape_link_05_txt":"","rodape_nome_item_02":"Formas de pagamento","rodape_img_formas_pagto":"shopify:\/\/shop_images\/cards-ft-2_jpg-removebg-preview.png","rodape_nome_item_03":"FORMAS DE ENVIO","rodape_img_formas_envio":"shopify:\/\/shop_images\/Correios_PAC_e_SEDEX.png","rodape_link_instagram":"","rodape_link_whatsapp":"","rodape_img_seguro":"shopify:\/\/shop_images\/Selo_3.png","footer_information":"© 2023 SUA LOJA - Todos os direitos reservados."}}},"block_order":["6c000f11-ce33-4eaf-a959-3cbd66f013f6","e184fdbd-703f-4e92-bf37-563ac4855a16","19ab7760-2dac-4426-a1f0-5bd5320581ab","bbc52cca-3406-4383-96aa-c0b88fab81b1","8933476e-f06e-46f1-994f-dd087dd5bf72","ff71c024-0fd9-4843-abe4-6ac8f5ca426c","3982420a-6bf9-4043-9ee3-17a77f3d08f4","83980cb7-5895-4c63-a08a-6214a4b8a85a","2b090201-308b-4db3-8fe4-716c34373bb8"],"settings":{"landing_box_button_img":"shopify:\/\/shop_images\/Selos_de_seguranca.png","landing_box_button_txt":"CONHECER MAIS","landing_box_button_link":"#pacotes","landing_box_button_txt_auxiliar":"Compra 100% Segura e Satisfação Garantida!","landing_box_button_color":"#16b476","landing_box_button_color_hover":"#000000","whatsapp-button-text":"Gostaria de mais informações!"}},"adbe5320-94f0-463b-9c33-67a3cf745552":{"type":"home-happy-customer","blocks":{"f2d96592-5543-4ce1-8c34-7ed3cd3354a4":{"type":"quote","settings":{"staricon":"shopify:\/\/shop_images\/Feedback_1.png","content":"Fiquei impressionado com a qualidade do produto e atendimento prestado. Sem dúvidas recomendo a loja!","name":"Joana de Sousa","verified":""}},"90a5c0a1-0442-43e4-8bf3-5ed8f740b680":{"type":"quote","settings":{"staricon":"shopify:\/\/shop_images\/Feedback_3.png","content":"Incrível o atendimento que foi prestado desde antes da venda até as dúvidas ao longo das semanas. Muito obrigado!.","name":"Maria Gabriela","verified":""}},"d6f0c2f8-b9d8-43e9-8c0d-5d5ae28fe3f3":{"type":"quote","settings":{"staricon":"shopify:\/\/shop_images\/Feedback_2.png","content":"Tenho o tema e não me resta dúvidas do quanto ele é incrível. Rápido, de alta performance e tive um aumento de 30% nas minhas vendas.","name":"Isabelly Freitas","verified":""}},"75ac5221-8a80-4e32-bcfe-63e497972de8":{"type":"quote","disabled":true,"settings":{"content":"","name":"","verified":""}}},"block_order":["f2d96592-5543-4ce1-8c34-7ed3cd3354a4","90a5c0a1-0442-43e4-8bf3-5ed8f740b680","d6f0c2f8-b9d8-43e9-8c0d-5d5ae28fe3f3","75ac5221-8a80-4e32-bcfe-63e497972de8"],"settings":{"title":"5000+ Clientes satisfeitos"}},"0de49326-15c1-483c-84da-84c220845360":{"type":"collection_timer","settings":{"enable_slider":true,"title":"Coleção em destaque com timer","collection":"convertex-calcados","grid":4,"rows":1,"show_vendor":false,"add_cart_show":true,"show_view_all":true,"withshadows":true,"astron_collection_timer_color":"#7f46ff","timer_color_default":false}},"ad38c2a1-f707-4474-ad40-12da5b0027fe":{"type":"instagram","blocks":{"b0067770-c305-4e72-8f3f-604db3d15446":{"type":"post","settings":{"image":"shopify:\/\/shop_images\/207373_6173317015_e076fab1-cef2-4118-add1-cc9c481e189c.png","description":"<p>O mercado de pets<\/p>","url":"shopify:\/\/pages\/landing-page-produto-2"}},"76c40ab7-19b5-4d9e-a1f4-897c1a5899fe":{"type":"post","settings":{"image":"shopify:\/\/shop_images\/207373_7533751163_1_42190a87-f787-4f3f-b4e4-6eaf14205567.png","description":"","url":""}},"64a6943b-e980-4f39-980f-643e5b15f710":{"type":"post","settings":{"image":"shopify:\/\/shop_images\/207373_8617718533_2196e529-6dac-43bc-b0b5-03a58c5fb16c.png","description":"","url":""}},"7d684ef8-6e5e-4c12-94b6-31f4d2dea133":{"type":"post","settings":{"image":"shopify:\/\/shop_images\/207373_6173317015_1e704ea4-73b2-4954-ba16-0ae157256890.png","description":"","url":""}}},"block_order":["b0067770-c305-4e72-8f3f-604db3d15446","76c40ab7-19b5-4d9e-a1f4-897c1a5899fe","64a6943b-e980-4f39-980f-643e5b15f710","7d684ef8-6e5e-4c12-94b6-31f4d2dea133"],"settings":{"title":"@astronecom","description":"<p>Nossas últimas postagens<\/p>","title_size":"h3","title_alignment":"text-center","follow_btn_url":"https:\/\/www.instagram.com\/astronecom\/","follow_btn_text":"Seguir","follow_color":"#000000","follow_color_hover":"#808080","img_width":"350","img_height":"350","show_modal":true,"gallery_gap":20}},"c4f339e0-b8ec-4602-a5f0-9c20f42f84eb":{"type":"home_hot_products","disabled":true,"settings":{"title":"Promoção Imperdível","image":"shopify:\/\/shop_images\/NF.png","image_url":"","product_title":"PRODUTOS DA SEMANA","collection":"produtos-em-destaque","product_limit":9}}},"content_for_index":["166200426557007882","16626025851c6ee3e3","0de49326-15c1-483c-84da-84c220845360","1662614995860fa57d","c4f339e0-b8ec-4602-a5f0-9c20f42f84eb","16620042729191e4fd","ad38c2a1-f707-4474-ad40-12da5b0027fe","adbe5320-94f0-463b-9c33-67a3cf745552","1662442202064c934e"]}}