{"sections":{"product-modelo-default":{"type":"product-modelo-default","blocks":{"6ecb1514-52b1-468d-8911-3819364017e4":{"type":"addition-information","settings":{"icon-choosen":"guarantee-icon","url-link-1":"","url-text-link-1":"Garantia","text-1":"- 30 dias de garantia.","link-color":"#0086ff","text-color":"#aaaaaa"}},"83b6a399-1360-4e30-81d9-b8c7c2c0c138":{"type":"addition-information","settings":{"icon-choosen":"return-icon","url-link-1":"","url-text-link-1":"Devolução grátis","text-1":"- até 7 dias após o recebimento.","link-color":"#0086ff","text-color":"#aaaaaa"}},"c065d309-98e0-45f2-ad75-de96422736a5":{"type":"black_friday_cronometro","settings":{"black_friday_box_img":"shopify:\/\/shop_images\/simbolo.png","black_friday_box_text_clock":"Termina em:","black_friday_box_icons_color":"#ffffff","black_friday_box_top_txt":"#ffffff","black_friday_box_top_bg":"#1d1d1d","black_friday_box_bottom_bg":"#ff7f30","black_friday_box_clock_txt_size":24,"black_friday_box_clock_txt_size_clock":24,"black_friday_box_bottom_txt_size":24,"black_friday_box_clock_txt_size_mobile":24,"black_friday_box_clock_txt_size_clock_mobile":18,"black_friday_box_bottom_txt_size_mobile":14}},"91799004-f94c-4bc0-9f28-e8ca2ab4af1e":{"type":"custom_liquid","disabled":true,"settings":{"custom_liquid":""}},"7b2e1892-bb0b-40af-811c-2e4204791aa9":{"type":"whatsapp-button","settings":{"whatsapp-button-text":"Compre via WhatsApp","whatsapp-button-color":"#25d366","whatsapp-button-text-color":"#ffffff","whatsapp-button-icon-color":"#38c66d","whatsapp-button-online-color-text":"#ffffff","whatsapp-button-online-color":"#54cd81","whats-name":"Seu nome","whatsapp-phone-text":"","new_tab_whatsapp":true,"whats_left_center":"center","whats_border":"#bdefc3","descwhats":"Gostei do [nomeproduto] no [linkproduto], Gostaria de mais informações!"}}},"block_order":["6ecb1514-52b1-468d-8911-3819364017e4","83b6a399-1360-4e30-81d9-b8c7c2c0c138","c065d309-98e0-45f2-ad75-de96422736a5","91799004-f94c-4bc0-9f28-e8ca2ab4af1e","7b2e1892-bb0b-40af-811c-2e4204791aa9"],"settings":{"mostrar_quantidadevendidos":true,"description":true,"active_buy_now_floating":false,"show_quantity_selector":true,"show_verification_icon":true,"availability":false,"next_prev":false,"viewer":true,"precolinha":false,"stockbar":false,"timer":false,"show_vendor":false,"show_payment_checkout_info":false,"enable_payment_button":false,"show_share_buttons":false,"show_black_november_all":false,"enable_box_cards":true,"box_cards_flags_color":"#eeeeee","box_cards_flags_color_text":"#00bd58","enable_simulator_ship":true,"title_simulator_ship":"Calcular frete e prazo de entrega","button_simulator_ship":"Calcular","price_simulator_ship":"Frete grátis!","first_date":9,"interval_date":5,"color_one_cart":"#0033c6","color_price_cash":"#59c00b","color_price_parcel":"#59c00b","color_percent_product":"#ffffff","color_highlight_product_price":"#0086ff","color_bttn_pix_product":"#0064d7","enable_buy_button":true,"enable_addtocart_button":true,"color_parcelamento_trigger":"#3a3a3a","color_button_addtocart":"#e1e1e1","color_text_button_addtocart":"#ffffff","color_button_addtocart_hover":"#f7e836","color_text_button_addtocart_hover":"#ffffff","color_button_buynow":"#37c745","color_button_buynow_floating":"#51a559","color_text_button_buynow":"#fafafa","color_button_buynow_hover":"#1be200","color_text_button_buynow_hover":"#ffffff","color_button_qty_minus_plus":"#fbfbfb","color_button_qty_minus_plus_hover":"#000","color_text_button_qty_minus_plus":"#000","color_text_button_qty_minus_plus_hover":"#fff","variant":"swatch","variant_border":"#c7c7c7","show_badge_mostsell":false,"show_badge_moreeconomy":false,"badge_mostsell_position":2,"badge_moreeconomy_position":3,"color_kit_main":"#0033c6","color_kit_secondary":"#c7c7c7","color_kit_badge_mostsell":"#ff6500","color_kit_badge_discount":"#c11b1b","color_kit_badge_moreeconomy":"#ffc107","color_kit_badge_soldout":"#333333","media_size":"medium","enable_image_zoom":true,"enable_video_looping":false,"thumbnail":"verticle","correios_astron":true,"correios_astron_content_top":"Entrega via Correios ©","correios_astron_shipping":"Frete grátis!","correios_astron_shipping_date_estimated":"Prazo estimado:","first_date_box_correios":9,"interval_date_box_correios":16,"correios_astron_color":"#0af31a","correios_astron_color_text_top":"#828282","product_box_images":true,"product_box_price":true,"product_box_description":true}},"frequently-bought-together":{"type":"frequently-bought-together","blocks":{"frequently_bought":{"type":"frequently_bought","settings":{"frequently_bought_title":"Frequentemente comprados juntos","background_color":""}}},"block_order":["frequently_bought"],"settings":{}},"1670672592950ffda3":{"type":"apps","settings":{}},"product-recommendations":{"type":"product-recommendations","settings":{"show_product_recommendations":true,"add_cart_show":true,"swatch_image":true,"heading":"Você também pode gostar","show_vendor":false,"destaque":"#000000","destaque_txt":"#ffffff","price_txt":"#000000"}}},"order":["product-modelo-default","frequently-bought-together","1670672592950ffda3","product-recommendations"]}